Workbook
Name FAOCODES: FAO!$B$1:$W$1

Sheet M-01
G1: =FAO!B1&" max =" | H1: =+FAO!B10 | J1: =FAO!E1&" max =" | K1: =+FAO!E10 | M1: =FAO!H1&" max =" | N1: =+FAO!H10 | P1: =FAO!K1&" max =" | Q1: =+FAO!K10 | S1: =FAO!N1&" max =" | T1: =+FAO!N10 | V1: =FAO!Q1&" max =" | W1: =+FAO!Q10 | Y1: =FAO!T1&" max =" | Z1: =+FAO!T10 | AB1: =FAO!W1&" max =" | AC1: =+FAO!W10
G2: obs n = | H2: =COUNTIF($C$15:$C$1003,G13) | J2: obs n = | K2: =COUNTIF($C$15:$C$1003,J13) | M2: obs n = | N2: =COUNTIF($C$15:$C$1003,M13) | P2: obs n = | Q2: =COUNTIF($C$15:$C$1003,P13) | S2: obs n = | T2: =COUNTIF($C$15:$C$1003,S13) | V2: obs n = | W2: =COUNTIF($C$15:$C$1003,V13) | Y2: obs n = | Z2: =COUNTIF($C$15:$C$1003,Y13) | AB2: obs n = | AC2: =COUNTIF($C$15:$C$1003,AB13)
G3: freq n= | H3: =+SUM(H15:H1003) | J3: freq n= | K3: =+SUM(K15:K1003) | M3: freq n= | N3: =+SUM(N15:N1003) | P3: freq n= | Q3: =+SUM(Q15:Q1003) | S3: freq n= | T3: =+SUM(T15:T1003) | V3: freq n= | W3: =+SUM(W15:W1003) | Y3: freq n= | Z3: =+SUM(Z15:Z1003) | AB3: freq n= | AC3: =+SUM(AC15:AC1003)
G4: first bin = | H4: 10 | J4: first bin = | K4: 10 | M4: first bin = | N4: 10 | P4: first bin = | Q4: 10 | S4: first bin = | T4: 10 | V4: first bin = | W4: 10 | Y4: first bin = | Z4: 10 | AB4: first bin = | AC4: 10
G5: increment = | H5: =+FAO!B14 | J5: increment = | K5: =+FAO!E14 | M5: increment = | N5: =+FAO!H14 | P5: increment = | Q5: =+FAO!K14 | S5: increment = | T5: =+FAO!N14 | V5: increment = | W5: =+FAO!Q14 | Y5: increment = | Z5: =+FAO!T14 | AB5: increment = | AC5: =+FAO!W14
G6: Complete = | H6: =COUNTIFS($C$15:$C$2015,G$13,$D$15:$D$2015,">5")/COUNTIF($C$15:$C$2015,G$13)*100 | J6: Complete = | K6: =COUNTIFS($C$15:$C$2015,J$13,$D$15:$D$2015,">5")/COUNTIF($C$15:$C$2015,J$13)*100 | M6: Complete = | N6: =COUNTIFS($C$15:$C$2015,M$13,$D$15:$D$2015,">5")/COUNTIF($C$15:$C$2015,M$13)*100 | P6: Complete = | Q6: =COUNTIFS($C$15:$C$2015,P$13,$D$15:$D$2015,">5")/COUNTIF($C$15:$C$2015,P$13)*100 | S6: Complete = | T6: =COUNTIFS($C$15:$C$2015,S$13,$D$15:$D$2015,">5")/COUNTIF($C$15:$C$2015,S$13)*100 | V6: Complete = | W6: =COUNTIFS($C$15:$C$2015,V$13,$D$15:$D$2015,">5")/COUNTIF($C$15:$C$2015,V$13)*100 | Y6: Complete = | Z6: =COUNTIFS($C$15:$C$2015,Y$13,$D$15:$D$2015,">5")/COUNTIF($C$15:$C$2015,Y$13)*100 | AB6: Complete = | AC6: =COUNTIFS($C$15:$C$2015,AB$13,$D$15:$D$2015,">5")/COUNTIF($C$15:$C$2015,AB$13)*100
G7: L50 (cm) = | H7: =+FAO!B11 | J7: L50 (cm) = | K7: =+FAO!E11 | M7: L50 (cm) = | N7: =+FAO!H11 | P7: L50 (cm) = | Q7: =+FAO!K11 | S7: L50 (cm) = | T7: =+FAO!N11 | V7: L50 (cm) = | W7: =+FAO!Q11 | Y7: L50 (cm) = | Z7: =+FAO!T11 | AB7: L50 (cm) = | AC7: =+FAO!W11
G8: Juven. (%) = | H8: =+ROUND(COUNTIFS($C$15:$C$2015,G$13,$D$15:$D$2015,"<"&H7)/COUNTIF($C$15:$C$2015,G$13)*100,0) | J8: Juven. (%) = | K8: =+ROUND(COUNTIFS($C$15:$C$2015,J$13,$D$15:$D$2015,"<"&K7)/COUNTIF($C$15:$C$2015,J$13)*100,0) | M8: Juven. (%) = | N8: =+ROUND(COUNTIFS($C$15:$C$2015,M$13,$D$15:$D$2015,"<"&N7)/COUNTIF($C$15:$C$2015,M$13)*100,0) | P8: Juven. (%) = | Q8: =+ROUND(COUNTIFS($C$15:$C$2015,P$13,$D$15:$D$2015,"<"&Q7)/COUNTIF($C$15:$C$2015,P$13)*100,0) | S8: Juven. (%) = | T8: =+ROUND(COUNTIFS($C$15:$C$2015,S$13,$D$15:$D$2015,"<"&T7)/COUNTIF($C$15:$C$2015,S$13)*100,0) | V8: Juven. (%) = | W8: =+ROUND(COUNTIFS($C$15:$C$2015,V$13,$D$15:$D$2015,"<"&W7)/COUNTIF($C$15:$C$2015,V$13)*100,0) | Y8: Juven. (%) = | Z8: =+ROUND(COUNTIFS($C$15:$C$2015,Y$13,$D$15:$D$2015,"<"&Z7)/COUNTIF($C$15:$C$2015,Y$13)*100,0) | AB8: Juven. (%) = | AC8: =+ROUND(COUNTIFS($C$15:$C$2015,AB$13,$D$15:$D$2015,"<"&AC7)/COUNTIF($C$15:$C$2015,AB$13)*100,0)
G9: =+FAO!B6 | J9: =+FAO!E6 | M9: =+FAO!H6 | P9: =+FAO!K6 | S9: =+FAO!N6 | V9: =+FAO!Q6 | Y9: =+FAO!T6 | AB9: =+FAO!W6
G10: =+FAO!B7 | J10: =+FAO!E7 | M10: =+FAO!H7 | P10: =+FAO!K7 | S10: =+FAO!N7 | V10: =+FAO!Q7 | Y10: =+FAO!T7 | AB10: =+FAO!W7
G11: =+FAO!B9 | J11: =+FAO!E9 | M11: =+FAO!H9 | P11: =+FAO!K9 | S11: =+FAO!N9 | V11: =+FAO!Q9 | Y11: =+FAO!T9 | AB11: =+FAO!W9
G12: =+FAO!B5 | J12: =+FAO!E5 | M12: =+FAO!H5 | P12: =+FAO!K5 | S12: =+FAO!N5 | V12: =+FAO!Q5 | Y12: =+FAO!T5 | AB12: =+FAO!W5
D13: #VALUE! | E13: =COUNTA(C15:C1003) | G13: =+FAO!B1 | H13: =+FAO!B3 | J13: =+FAO!E1 | K13: =+FAO!E3 | M13: =+FAO!H1 | N13: =+FAO!H3 | P13: =+FAO!K1 | Q13: =+FAO!K3 | S13: =+FAO!N1 | T13: =+FAO!N3 | V13: =+FAO!Q1 | W13: =+FAO!Q3 | Y13: =+FAO!T1 | Z13: =+FAO!T3 | AB13: =+FAO!W1 | AC13: =+FAO!W3
A14: TRIP | B14: DATE | C14: FAO | D14: OBS | E14: ID | G14: ="LC-"&G13 | H14: ="FQ-"&G13 | J14: ="LC-"&J13 | K14: ="FQ-"&J13 | M14: ="LC-"&M13 | N14: ="FQ-"&M13 | P14: ="LC-"&P13 | Q14: ="FQ-"&P13 | S14: ="LC-"&S13 | T14: ="FQ-"&S13 | V14: ="LC-"&V13 | W14: ="FQ-"&V13 | Y14: ="LC-"&Y13 | Z14: ="FQ-"&Y13 | AB14: ="LC-"&AB13 | AC14: ="FQ-"&AB13
C15: LTQ | D15: 78 | E15: {=+_xlfn.SEQUENCE(E13,1,1)} | G15: {=_xlfn.SEQUENCE(((H1-H4)/H5)+1, 1, H4, H5)} | H15: =IF(G15="","",COUNTIFS($C$15:$C$2015,G$13,$D$15:$D$2015,">="&G15,$D$15:$D$2015,"<"&G16)) | J15: {=_xlfn.SEQUENCE(((K1-K4)/K5)+1, 1, K4, K5)} | K15: =IF(J15="","",COUNTIFS($C$15:$C$2015,J$13,$D$15:$D$2015,">="&J15,$D$15:$D$2015,"<"&J16)) | M15: {=_xlfn.SEQUENCE(((N1-N4)/N5)+1, 1, N4, N5)} | N15: =IF(M15="","",COUNTIFS($C$15:$C$2015,M$13,$D$15:$D$2015,">="&M15,$D$15:$D$2015,"<"&M16)) | P15: {=_xlfn.SEQUENCE(((Q1-Q4)/Q5)+1, 1, Q4, Q5)} | Q15: =IF(P15="","",COUNTIFS($C$15:$C$2015,P$13,$D$15:$D$2015,">="&P15,$D$15:$D$2015,"<"&P16)) | S15: {=_xlfn.SEQUENCE(((T1-T4)/T5)+1, 1, T4, T5)} | T15: =IF(S15="","",COUNTIFS($C$15:$C$2015,S$13,$D$15:$D$2015,">="&S15,$D$15:$D$2015,"<"&S16)) | V15: {=_xlfn.SEQUENCE(((W1-W4)/W5)+1, 1, W4, W5)} | W15: =IF(V15="","",COUNTIFS($C$15:$C$2015,V$13,$D$15:$D$2015,">="&V15,$D$15:$D$2015,"<"&V16)) | Y15: {=_xlfn.SEQUENCE(((Z1-Z4)/Z5)+1, 1, Z4, Z5)} | Z15: =IF(Y15="","",COUNTIFS($C$15:$C$2015,Y$13,$D$15:$D$2015,">="&Y15,$D$15:$D$2015,"<"&Y16)) | AB15: {=_xlfn.SEQUENCE(((AC1-AC4)/AC5)+1, 1, AC4, AC5)} | AC15: =IF(AB15="","",COUNTIFS($C$15:$C$2015,AB$13,$D$15:$D$2015,">="&AB15,$D$15:$D$2015,"<"&AB16))
C16: COM | D16: 145 | E16: 2 | G16: 11 | H16: =IF(G16="","",COUNTIFS($C$15:$C$2015,G$13,$D$15:$D$2015,">="&G16,$D$15:$D$2015,"<"&G17)) | J16: 15 | K16: =IF(J16="","",COUNTIFS($C$15:$C$2015,J$13,$D$15:$D$2015,">="&J16,$D$15:$D$2015,"<"&J17)) | M16: 12 | N16: =IF(M16="","",COUNTIFS($C$15:$C$2015,M$13,$D$15:$D$2015,">="&M16,$D$15:$D$2015,"<"&M17)) | P16: 11 | Q16: =IF(P16="","",COUNTIFS($C$15:$C$2015,P$13,$D$15:$D$2015,">="&P16,$D$15:$D$2015,"<"&P17)) | S16: 12 | T16: =IF(S16="","",COUNTIFS($C$15:$C$2015,S$13,$D$15:$D$2015,">="&S16,$D$15:$D$2015,"<"&S17)) | V16: 12 | W16: =IF(V16="","",COUNTIFS($C$15:$C$2015,V$13,$D$15:$D$2015,">="&V16,$D$15:$D$2015,"<"&V17)) | Y16: 12 | Z16: =IF(Y16="","",COUNTIFS($C$15:$C$2015,Y$13,$D$15:$D$2015,">="&Y16,$D$15:$D$2015,"<"&Y17)) | AB16: 11 | AC16: =IF(AB16="","",COUNTIFS($C$15:$C$2015,AB$13,$D$15:$D$2015,">="&AB16,$D$15:$D$2015,"<"&AB17))
C17: LJB | D17: 88 | E17: 3 | G17: 12 | H17: =IF(G17="","",COUNTIFS($C$15:$C$2015,G$13,$D$15:$D$2015,">="&G17,$D$15:$D$2015,"<"&G18)) | J17: 20 | K17: =IF(J17="","",COUNTIFS($C$15:$C$2015,J$13,$D$15:$D$2015,">="&J17,$D$15:$D$2015,"<"&J18)) | M17: 14 | N17: =IF(M17="","",COUNTIFS($C$15:$C$2015,M$13,$D$15:$D$2015,">="&M17,$D$15:$D$2015,"<"&M18)) | P17: 12 | Q17: =IF(P17="","",COUNTIFS($C$15:$C$2015,P$13,$D$15:$D$2015,">="&P17,$D$15:$D$2015,"<"&P18)) | S17: 14 | T17: =IF(S17="","",COUNTIFS($C$15:$C$2015,S$13,$D$15:$D$2015,">="&S17,$D$15:$D$2015,"<"&S18)) | V17: 14 | W17: =IF(V17="","",COUNTIFS($C$15:$C$2015,V$13,$D$15:$D$2015,">="&V17,$D$15:$D$2015,"<"&V18)) | Y17: 14 | Z17: =IF(Y17="","",COUNTIFS($C$15:$C$2015,Y$13,$D$15:$D$2015,">="&Y17,$D$15:$D$2015,"<"&Y18)) | AB17: 12 | AC17: =IF(AB17="","",COUNTIFS($C$15:$C$2015,AB$13,$D$15:$D$2015,">="&AB17,$D$15:$D$2015,"<"&AB18))
C18: EWS | D18: 79 | E18: 4 | G18: 13 | H18: =IF(G18="","",COUNTIFS($C$15:$C$2015,G$13,$D$15:$D$2015,">="&G18,$D$15:$D$2015,"<"&G19)) | J18: 25 | K18: =IF(J18="","",COUNTIFS($C$15:$C$2015,J$13,$D$15:$D$2015,">="&J18,$D$15:$D$2015,"<"&J19)) | M18: 16 | N18: =IF(M18="","",COUNTIFS($C$15:$C$2015,M$13,$D$15:$D$2015,">="&M18,$D$15:$D$2015,"<"&M19)) | P18: 13 | Q18: =IF(P18="","",COUNTIFS($C$15:$C$2015,P$13,$D$15:$D$2015,">="&P18,$D$15:$D$2015,"<"&P19)) | S18: 16 | T18: =IF(S18="","",COUNTIFS($C$15:$C$2015,S$13,$D$15:$D$2015,">="&S18,$D$15:$D$2015,"<"&S19)) | V18: 16 | W18: =IF(V18="","",COUNTIFS($C$15:$C$2015,V$13,$D$15:$D$2015,">="&V18,$D$15:$D$2015,"<"&V19)) | Y18: 16 | Z18: =IF(Y18="","",COUNTIFS($C$15:$C$2015,Y$13,$D$15:$D$2015,">="&Y18,$D$15:$D$2015,"<"&Y19)) | AB18: 13 | AC18: =IF(AB18="","",COUNTIFS($C$15:$C$2015,AB$13,$D$15:$D$2015,">="&AB18,$D$15:$D$2015,"<"&AB19))
C19: KAW | D19: 99 | E19: 5 | G19: 14 | H19: =IF(G19="","",COUNTIFS($C$15:$C$2015,G$13,$D$15:$D$2015,">="&G19,$D$15:$D$2015,"<"&G20)) | J19: 30 | K19: =IF(J19="","",COUNTIFS($C$15:$C$2015,J$13,$D$15:$D$2015,">="&J19,$D$15:$D$2015,"<"&J20)) | M19: 18 | N19: =IF(M19="","",COUNTIFS($C$15:$C$2015,M$13,$D$15:$D$2015,">="&M19,$D$15:$D$2015,"<"&M20)) | P19: 14 | Q19: =IF(P19="","",COUNTIFS($C$15:$C$2015,P$13,$D$15:$D$2015,">="&P19,$D$15:$D$2015,"<"&P20)) | S19: 18 | T19: =IF(S19="","",COUNTIFS($C$15:$C$2015,S$13,$D$15:$D$2015,">="&S19,$D$15:$D$2015,"<"&S20)) | V19: 18 | W19: =IF(V19="","",COUNTIFS($C$15:$C$2015,V$13,$D$15:$D$2015,">="&V19,$D$15:$D$2015,"<"&V20)) | Y19: 18 | Z19: =IF(Y19="","",COUNTIFS($C$15:$C$2015,Y$13,$D$15:$D$2015,">="&Y19,$D$15:$D$2015,"<"&Y20)) | AB19: 14 | AC19: =IF(AB19="","",COUNTIFS($C$15:$C$2015,AB$13,$D$15:$D$2015,">="&AB19,$D$15:$D$2015,"<"&AB20))
C20: EMU | D20: 79 | E20: 6 | G20: 15 | H20: =IF(G20="","",COUNTIFS($C$15:$C$2015,G$13,$D$15:$D$2015,">="&G20,$D$15:$D$2015,"<"&G21)) | J20: 35 | K20: =IF(J20="","",COUNTIFS($C$15:$C$2015,J$13,$D$15:$D$2015,">="&J20,$D$15:$D$2015,"<"&J21)) | M20: 20 | N20: =IF(M20="","",COUNTIFS($C$15:$C$2015,M$13,$D$15:$D$2015,">="&M20,$D$15:$D$2015,"<"&M21)) | P20: 15 | Q20: =IF(P20="","",COUNTIFS($C$15:$C$2015,P$13,$D$15:$D$2015,">="&P20,$D$15:$D$2015,"<"&P21)) | S20: 20 | T20: =IF(S20="","",COUNTIFS($C$15:$C$2015,S$13,$D$15:$D$2015,">="&S20,$D$15:$D$2015,"<"&S21)) | V20: 20 | W20: =IF(V20="","",COUNTIFS($C$15:$C$2015,V$13,$D$15:$D$2015,">="&V20,$D$15:$D$2015,"<"&V21)) | Y20: 20 | Z20: =IF(Y20="","",COUNTIFS($C$15:$C$2015,Y$13,$D$15:$D$2015,">="&Y20,$D$15:$D$2015,"<"&Y21)) | AB20: 15 | AC20: =IF(AB20="","",COUNTIFS($C$15:$C$2015,AB$13,$D$15:$D$2015,">="&AB20,$D$15:$D$2015,"<"&AB21))
C21: EME | D21: 79 | E21: 7 | G21: 16 | H21: =IF(G21="","",COUNTIFS($C$15:$C$2015,G$13,$D$15:$D$2015,">="&G21,$D$15:$D$2015,"<"&G22)) | J21: 40 | K21: =IF(J21="","",COUNTIFS($C$15:$C$2015,J$13,$D$15:$D$2015,">="&J21,$D$15:$D$2015,"<"&J22)) | M21: 22 | N21: =IF(M21="","",COUNTIFS($C$15:$C$2015,M$13,$D$15:$D$2015,">="&M21,$D$15:$D$2015,"<"&M22)) | P21: 16 | Q21: =IF(P21="","",COUNTIFS($C$15:$C$2015,P$13,$D$15:$D$2015,">="&P21,$D$15:$D$2015,"<"&P22)) | S21: 22 | T21: =IF(S21="","",COUNTIFS($C$15:$C$2015,S$13,$D$15:$D$2015,">="&S21,$D$15:$D$2015,"<"&S22)) | V21: 22 | W21: =IF(V21="","",COUNTIFS($C$15:$C$2015,V$13,$D$15:$D$2015,">="&V21,$D$15:$D$2015,"<"&V22)) | Y21: 22 | Z21: =IF(Y21="","",COUNTIFS($C$15:$C$2015,Y$13,$D$15:$D$2015,">="&Y21,$D$15:$D$2015,"<"&Y22)) | AB21: 16 | AC21: =IF(AB21="","",COUNTIFS($C$15:$C$2015,AB$13,$D$15:$D$2015,">="&AB21,$D$15:$D$2015,"<"&AB22))
C22: VRL | D22: 61 | E22: 8 | G22: 17 | H22: =IF(G22="","",COUNTIFS($C$15:$C$2015,G$13,$D$15:$D$2015,">="&G22,$D$15:$D$2015,"<"&G23)) | J22: 45 | K22: =IF(J22="","",COUNTIFS($C$15:$C$2015,J$13,$D$15:$D$2015,">="&J22,$D$15:$D$2015,"<"&J23)) | M22: 24 | N22: =IF(M22="","",COUNTIFS($C$15:$C$2015,M$13,$D$15:$D$2015,">="&M22,$D$15:$D$2015,"<"&M23)) | P22: 17 | Q22: =IF(P22="","",COUNTIFS($C$15:$C$2015,P$13,$D$15:$D$2015,">="&P22,$D$15:$D$2015,"<"&P23)) | S22: 24 | T22: =IF(S22="","",COUNTIFS($C$15:$C$2015,S$13,$D$15:$D$2015,">="&S22,$D$15:$D$2015,"<"&S23)) | V22: 24 | W22: =IF(V22="","",COUNTIFS($C$15:$C$2015,V$13,$D$15:$D$2015,">="&V22,$D$15:$D$2015,"<"&V23)) | Y22: 24 | Z22: =IF(Y22="","",COUNTIFS($C$15:$C$2015,Y$13,$D$15:$D$2015,">="&Y22,$D$15:$D$2015,"<"&Y23)) | AB22: 17 | AC22: =IF(AB22="","",COUNTIFS($C$15:$C$2015,AB$13,$D$15:$D$2015,">="&AB22,$D$15:$D$2015,"<"&AB23))
C23: LTQ | D23: 9 | E23: 9 | G23: 18 | H23: =IF(G23="","",COUNTIFS($C$15:$C$2015,G$13,$D$15:$D$2015,">="&G23,$D$15:$D$2015,"<"&G24)) | J23: 50 | K23: =IF(J23="","",COUNTIFS($C$15:$C$2015,J$13,$D$15:$D$2015,">="&J23,$D$15:$D$2015,"<"&J24)) | M23: 26 | N23: =IF(M23="","",COUNTIFS($C$15:$C$2015,M$13,$D$15:$D$2015,">="&M23,$D$15:$D$2015,"<"&M24)) | P23: 18 | Q23: =IF(P23="","",COUNTIFS($C$15:$C$2015,P$13,$D$15:$D$2015,">="&P23,$D$15:$D$2015,"<"&P24)) | S23: 26 | T23: =IF(S23="","",COUNTIFS($C$15:$C$2015,S$13,$D$15:$D$2015,">="&S23,$D$15:$D$2015,"<"&S24)) | V23: 26 | W23: =IF(V23="","",COUNTIFS($C$15:$C$2015,V$13,$D$15:$D$2015,">="&V23,$D$15:$D$2015,"<"&V24)) | Y23: 26 | Z23: =IF(Y23="","",COUNTIFS($C$15:$C$2015,Y$13,$D$15:$D$2015,">="&Y23,$D$15:$D$2015,"<"&Y24)) | AB23: 18 | AC23: =IF(AB23="","",COUNTIFS($C$15:$C$2015,AB$13,$D$15:$D$2015,">="&AB23,$D$15:$D$2015,"<"&AB24))
C24: COM | D24: 9 | E24: 10 | G24: 19 | H24: =IF(G24="","",COUNTIFS($C$15:$C$2015,G$13,$D$15:$D$2015,">="&G24,$D$15:$D$2015,"<"&G25)) | J24: 55 | K24: =IF(J24="","",COUNTIFS($C$15:$C$2015,J$13,$D$15:$D$2015,">="&J24,$D$15:$D$2015,"<"&J25)) | M24: 28 | N24: =IF(M24="","",COUNTIFS($C$15:$C$2015,M$13,$D$15:$D$2015,">="&M24,$D$15:$D$2015,"<"&M25)) | P24: 19 | Q24: =IF(P24="","",COUNTIFS($C$15:$C$2015,P$13,$D$15:$D$2015,">="&P24,$D$15:$D$2015,"<"&P25)) | S24: 28 | T24: =IF(S24="","",COUNTIFS($C$15:$C$2015,S$13,$D$15:$D$2015,">="&S24,$D$15:$D$2015,"<"&S25)) | V24: 28 | W24: =IF(V24="","",COUNTIFS($C$15:$C$2015,V$13,$D$15:$D$2015,">="&V24,$D$15:$D$2015,"<"&V25)) | Y24: 28 | Z24: =IF(Y24="","",COUNTIFS($C$15:$C$2015,Y$13,$D$15:$D$2015,">="&Y24,$D$15:$D$2015,"<"&Y25)) | AB24: 19 | AC24: =IF(AB24="","",COUNTIFS($C$15:$C$2015,AB$13,$D$15:$D$2015,">="&AB24,$D$15:$D$2015,"<"&AB25))
C25: LJB | D25: 9 | E25: 11 | G25: 20 | H25: =IF(G25="","",COUNTIFS($C$15:$C$2015,G$13,$D$15:$D$2015,">="&G25,$D$15:$D$2015,"<"&G26)) | J25: 60 | K25: =IF(J25="","",COUNTIFS($C$15:$C$2015,J$13,$D$15:$D$2015,">="&J25,$D$15:$D$2015,"<"&J26)) | M25: 30 | N25: =IF(M25="","",COUNTIFS($C$15:$C$2015,M$13,$D$15:$D$2015,">="&M25,$D$15:$D$2015,"<"&M26)) | P25: 20 | Q25: =IF(P25="","",COUNTIFS($C$15:$C$2015,P$13,$D$15:$D$2015,">="&P25,$D$15:$D$2015,"<"&P26)) | S25: 30 | T25: =IF(S25="","",COUNTIFS($C$15:$C$2015,S$13,$D$15:$D$2015,">="&S25,$D$15:$D$2015,"<"&S26)) | V25: 30 | W25: =IF(V25="","",COUNTIFS($C$15:$C$2015,V$13,$D$15:$D$2015,">="&V25,$D$15:$D$2015,"<"&V26)) | Y25: 30 | Z25: =IF(Y25="","",COUNTIFS($C$15:$C$2015,Y$13,$D$15:$D$2015,">="&Y25,$D$15:$D$2015,"<"&Y26)) | AB25: 20 | AC25: =IF(AB25="","",COUNTIFS($C$15:$C$2015,AB$13,$D$15:$D$2015,">="&AB25,$D$15:$D$2015,"<"&AB26))
C26: EWS | D26: 9 | E26: 12 | G26: 21 | H26: =IF(G26="","",COUNTIFS($C$15:$C$2015,G$13,$D$15:$D$2015,">="&G26,$D$15:$D$2015,"<"&G27)) | J26: 65 | K26: =IF(J26="","",COUNTIFS($C$15:$C$2015,J$13,$D$15:$D$2015,">="&J26,$D$15:$D$2015,"<"&J27)) | M26: 32 | N26: =IF(M26="","",COUNTIFS($C$15:$C$2015,M$13,$D$15:$D$2015,">="&M26,$D$15:$D$2015,"<"&M27)) | P26: 21 | Q26: =IF(P26="","",COUNTIFS($C$15:$C$2015,P$13,$D$15:$D$2015,">="&P26,$D$15:$D$2015,"<"&P27)) | S26: 32 | T26: =IF(S26="","",COUNTIFS($C$15:$C$2015,S$13,$D$15:$D$2015,">="&S26,$D$15:$D$2015,"<"&S27)) | V26: 32 | W26: =IF(V26="","",COUNTIFS($C$15:$C$2015,V$13,$D$15:$D$2015,">="&V26,$D$15:$D$2015,"<"&V27)) | Y26: 32 | Z26: =IF(Y26="","",COUNTIFS($C$15:$C$2015,Y$13,$D$15:$D$2015,">="&Y26,$D$15:$D$2015,"<"&Y27)) | AB26: 21 | AC26: =IF(AB26="","",COUNTIFS($C$15:$C$2015,AB$13,$D$15:$D$2015,">="&AB26,$D$15:$D$2015,"<"&AB27))
C27: KAW | D27: 9 | E27: 13 | G27: 22 | H27: =IF(G27="","",COUNTIFS($C$15:$C$2015,G$13,$D$15:$D$2015,">="&G27,$D$15:$D$2015,"<"&G28)) | J27: 70 | K27: =IF(J27="","",COUNTIFS($C$15:$C$2015,J$13,$D$15:$D$2015,">="&J27,$D$15:$D$2015,"<"&J28)) | M27: 34 | N27: =IF(M27="","",COUNTIFS($C$15:$C$2015,M$13,$D$15:$D$2015,">="&M27,$D$15:$D$2015,"<"&M28)) | P27: 22 | Q27: =IF(P27="","",COUNTIFS($C$15:$C$2015,P$13,$D$15:$D$2015,">="&P27,$D$15:$D$2015,"<"&P28)) | S27: 34 | T27: =IF(S27="","",COUNTIFS($C$15:$C$2015,S$13,$D$15:$D$2015,">="&S27,$D$15:$D$2015,"<"&S28)) | V27: 34 | W27: =IF(V27="","",COUNTIFS($C$15:$C$2015,V$13,$D$15:$D$2015,">="&V27,$D$15:$D$2015,"<"&V28)) | Y27: 34 | Z27: =IF(Y27="","",COUNTIFS($C$15:$C$2015,Y$13,$D$15:$D$2015,">="&Y27,$D$15:$D$2015,"<"&Y28)) | AB27: 22 | AC27: =IF(AB27="","",COUNTIFS($C$15:$C$2015,AB$13,$D$15:$D$2015,">="&AB27,$D$15:$D$2015,"<"&AB28))
... C43: KAW | D43: 100 | E43: 29 | G43: 38 | H43: =IF(G43="","",COUNTIFS($C$15:$C$2015,G$13,$D$15:$D$2015,">="&G43,$D$15:$D$2015,"<"&G44)) | J43: 150 | K43: =IF(J43="","",COUNTIFS($C$15:$C$2015,J$13,$D$15:$D$2015,">="&J43,$D$15:$D$2015,"<"&J44)) | M43: 66 | N43: =IF(M43="","",COUNTIFS($C$15:$C$2015,M$13,$D$15:$D$2015,">="&M43,$D$15:$D$2015,"<"&M44)) | P43: 38 | Q43: =IF(P43="","",COUNTIFS($C$15:$C$2015,P$13,$D$15:$D$2015,">="&P43,$D$15:$D$2015,"<"&P44)) | S43: 66 | T43: =IF(S43="","",COUNTIFS($C$15:$C$2015,S$13,$D$15:$D$2015,">="&S43,$D$15:$D$2015,"<"&S44)) | V43: 66 | W43: =IF(V43="","",COUNTIFS($C$15:$C$2015,V$13,$D$15:$D$2015,">="&V43,$D$15:$D$2015,"<"&V44)) | Y43: 66 | Z43: =IF(Y43="","",COUNTIFS($C$15:$C$2015,Y$13,$D$15:$D$2015,">="&Y43,$D$15:$D$2015,"<"&Y44)) | AB43: 38 | AC43: =IF(AB43="","",COUNTIFS($C$15:$C$2015,AB$13,$D$15:$D$2015,">="&AB43,$D$15:$D$2015,"<"&AB44))
C44: EMU | D44: 80 | E44: 30 | G44: 39 | H44: =IF(G44="","",COUNTIFS($C$15:$C$2015,G$13,$D$15:$D$2015,">="&G44,$D$15:$D$2015,"<"&G45)) | K44: =IF(J44="","",COUNTIFS($C$15:$C$2015,J$13,$D$15:$D$2015,">="&J44,$D$15:$D$2015,"<"&J45)) | M44: 68 | N44: =IF(M44="","",COUNTIFS($C$15:$C$2015,M$13,$D$15:$D$2015,">="&M44,$D$15:$D$2015,"<"&M45)) | P44: 39 | Q44: =IF(P44="","",COUNTIFS($C$15:$C$2015,P$13,$D$15:$D$2015,">="&P44,$D$15:$D$2015,"<"&P45)) | S44: 68 | T44: =IF(S44="","",COUNTIFS($C$15:$C$2015,S$13,$D$15:$D$2015,">="&S44,$D$15:$D$2015,"<"&S45)) | V44: 68 | W44: =IF(V44="","",COUNTIFS($C$15:$C$2015,V$13,$D$15:$D$2015,">="&V44,$D$15:$D$2015,"<"&V45)) | Y44: 68 | Z44: =IF(Y44="","",COUNTIFS($C$15:$C$2015,Y$13,$D$15:$D$2015,">="&Y44,$D$15:$D$2015,"<"&Y45)) | AB44: 39 | AC44: =IF(AB44="","",COUNTIFS($C$15:$C$2015,AB$13,$D$15:$D$2015,">="&AB44,$D$15:$D$2015,"<"&AB45))
C45: EME | D45: 80 | E45: 31 | G45: 40 | H45: =IF(G45="","",COUNTIFS($C$15:$C$2015,G$13,$D$15:$D$2015,">="&G45,$D$15:$D$2015,"<"&G46)) | K45: =IF(J45="","",COUNTIFS($C$15:$C$2015,J$13,$D$15:$D$2015,">="&J45,$D$15:$D$2015,"<"&J46)) | M45: 70 | N45: =IF(M45="","",COUNTIFS($C$15:$C$2015,M$13,$D$15:$D$2015,">="&M45,$D$15:$D$2015,"<"&M46)) | P45: 40 | Q45: =IF(P45="","",COUNTIFS($C$15:$C$2015,P$13,$D$15:$D$2015,">="&P45,$D$15:$D$2015,"<"&P46)) | S45: 70 | T45: =IF(S45="","",COUNTIFS($C$15:$C$2015,S$13,$D$15:$D$2015,">="&S45,$D$15:$D$2015,"<"&S46)) | V45: 70 | W45: =IF(V45="","",COUNTIFS($C$15:$C$2015,V$13,$D$15:$D$2015,">="&V45,$D$15:$D$2015,"<"&V46)) | Y45: 70 | Z45: =IF(Y45="","",COUNTIFS($C$15:$C$2015,Y$13,$D$15:$D$2015,">="&Y45,$D$15:$D$2015,"<"&Y46)) | AB45: 40 | AC45: =IF(AB45="","",COUNTIFS($C$15:$C$2015,AB$13,$D$15:$D$2015,">="&AB45,$D$15:$D$2015,"<"&AB46))
C46: VRL | D46: 62 | E46: 32 | G46: 41 | H46: =IF(G46="","",COUNTIFS($C$15:$C$2015,G$13,$D$15:$D$2015,">="&G46,$D$15:$D$2015,"<"&G47)) | K46: =IF(J46="","",COUNTIFS($C$15:$C$2015,J$13,$D$15:$D$2015,">="&J46,$D$15:$D$2015,"<"&J47)) | M46: 72 | N46: =IF(M46="","",COUNTIFS($C$15:$C$2015,M$13,$D$15:$D$2015,">="&M46,$D$15:$D$2015,"<"&M47)) | P46: 41 | Q46: =IF(P46="","",COUNTIFS($C$15:$C$2015,P$13,$D$15:$D$2015,">="&P46,$D$15:$D$2015,"<"&P47)) | S46: 72 | T46: =IF(S46="","",COUNTIFS($C$15:$C$2015,S$13,$D$15:$D$2015,">="&S46,$D$15:$D$2015,"<"&S47)) | V46: 72 | W46: =IF(V46="","",COUNTIFS($C$15:$C$2015,V$13,$D$15:$D$2015,">="&V46,$D$15:$D$2015,"<"&V47)) | Y46: 72 | Z46: =IF(Y46="","",COUNTIFS($C$15:$C$2015,Y$13,$D$15:$D$2015,">="&Y46,$D$15:$D$2015,"<"&Y47)) | AB46: 41 | AC46: =IF(AB46="","",COUNTIFS($C$15:$C$2015,AB$13,$D$15:$D$2015,">="&AB46,$D$15:$D$2015,"<"&AB47))
C47: LTQ | D47: =+D39+1 | E47: 33 | G47: 42 | H47: =IF(G47="","",COUNTIFS($C$15:$C$2015,G$13,$D$15:$D$2015,">="&G47,$D$15:$D$2015,"<"&G48)) | K47: =IF(J47="","",COUNTIFS($C$15:$C$2015,J$13,$D$15:$D$2015,">="&J47,$D$15:$D$2015,"<"&J48)) | M47: 74 | N47: =IF(M47="","",COUNTIFS($C$15:$C$2015,M$13,$D$15:$D$2015,">="&M47,$D$15:$D$2015,"<"&M48)) | P47: 42 | Q47: =IF(P47="","",COUNTIFS($C$15:$C$2015,P$13,$D$15:$D$2015,">="&P47,$D$15:$D$2015,"<"&P48)) | S47: 74 | T47: =IF(S47="","",COUNTIFS($C$15:$C$2015,S$13,$D$15:$D$2015,">="&S47,$D$15:$D$2015,"<"&S48)) | V47: 74 | W47: =IF(V47="","",COUNTIFS($C$15:$C$2015,V$13,$D$15:$D$2015,">="&V47,$D$15:$D$2015,"<"&V48)) | Y47: 74 | Z47: =IF(Y47="","",COUNTIFS($C$15:$C$2015,Y$13,$D$15:$D$2015,">="&Y47,$D$15:$D$2015,"<"&Y48)) | AB47: 42 | AC47: =IF(AB47="","",COUNTIFS($C$15:$C$2015,AB$13,$D$15:$D$2015,">="&AB47,$D$15:$D$2015,"<"&AB48))
C48: COM | D48: =+D40+1 | E48: 34 | G48: 43 | H48: =IF(G48="","",COUNTIFS($C$15:$C$2015,G$13,$D$15:$D$2015,">="&G48,$D$15:$D$2015,"<"&G49)) | K48: =IF(J48="","",COUNTIFS($C$15:$C$2015,J$13,$D$15:$D$2015,">="&J48,$D$15:$D$2015,"<"&J49)) | M48: 76 | N48: =IF(M48="","",COUNTIFS($C$15:$C$2015,M$13,$D$15:$D$2015,">="&M48,$D$15:$D$2015,"<"&M49)) | P48: 43 | Q48: =IF(P48="","",COUNTIFS($C$15:$C$2015,P$13,$D$15:$D$2015,">="&P48,$D$15:$D$2015,"<"&P49)) | S48: 76 | T48: =IF(S48="","",COUNTIFS($C$15:$C$2015,S$13,$D$15:$D$2015,">="&S48,$D$15:$D$2015,"<"&S49)) | V48: 76 | W48: =IF(V48="","",COUNTIFS($C$15:$C$2015,V$13,$D$15:$D$2015,">="&V48,$D$15:$D$2015,"<"&V49)) | Y48: 76 | Z48: =IF(Y48="","",COUNTIFS($C$15:$C$2015,Y$13,$D$15:$D$2015,">="&Y48,$D$15:$D$2015,"<"&Y49)) | AB48: 43 | AC48: =IF(AB48="","",COUNTIFS($C$15:$C$2015,AB$13,$D$15:$D$2015,">="&AB48,$D$15:$D$2015,"<"&AB49))
C49: LJB | D49: =+D41+1 | E49: 35 | G49: 44 | H49: =IF(G49="","",COUNTIFS($C$15:$C$2015,G$13,$D$15:$D$2015,">="&G49,$D$15:$D$2015,"<"&G50)) | K49: =IF(J49="","",COUNTIFS($C$15:$C$2015,J$13,$D$15:$D$2015,">="&J49,$D$15:$D$2015,"<"&J50)) | M49: 78 | N49: =IF(M49="","",COUNTIFS($C$15:$C$2015,M$13,$D$15:$D$2015,">="&M49,$D$15:$D$2015,"<"&M50)) | P49: 44 | Q49: =IF(P49="","",COUNTIFS($C$15:$C$2015,P$13,$D$15:$D$2015,">="&P49,$D$15:$D$2015,"<"&P50)) | S49: 78 | T49: =IF(S49="","",COUNTIFS($C$15:$C$2015,S$13,$D$15:$D$2015,">="&S49,$D$15:$D$2015,"<"&S50)) | V49: 78 | W49: =IF(V49="","",COUNTIFS($C$15:$C$2015,V$13,$D$15:$D$2015,">="&V49,$D$15:$D$2015,"<"&V50)) | Y49: 78 | Z49: =IF(Y49="","",COUNTIFS($C$15:$C$2015,Y$13,$D$15:$D$2015,">="&Y49,$D$15:$D$2015,"<"&Y50)) | AB49: 44 | AC49: =IF(AB49="","",COUNTIFS($C$15:$C$2015,AB$13,$D$15:$D$2015,">="&AB49,$D$15:$D$2015,"<"&AB50))
C50: EWS | D50: =+D42+1 | E50: 36 | G50: 45 | H50: =IF(G50="","",COUNTIFS($C$15:$C$2015,G$13,$D$15:$D$2015,">="&G50,$D$15:$D$2015,"<"&G51)) | K50: =IF(J50="","",COUNTIFS($C$15:$C$2015,J$13,$D$15:$D$2015,">="&J50,$D$15:$D$2015,"<"&J51)) | M50: 80 | N50: =IF(M50="","",COUNTIFS($C$15:$C$2015,M$13,$D$15:$D$2015,">="&M50,$D$15:$D$2015,"<"&M51)) | P50: 45 | Q50: =IF(P50="","",COUNTIFS($C$15:$C$2015,P$13,$D$15:$D$2015,">="&P50,$D$15:$D$2015,"<"&P51)) | S50: 80 | T50: =IF(S50="","",COUNTIFS($C$15:$C$2015,S$13,$D$15:$D$2015,">="&S50,$D$15:$D$2015,"<"&S51)) | V50: 80 | W50: =IF(V50="","",COUNTIFS($C$15:$C$2015,V$13,$D$15:$D$2015,">="&V50,$D$15:$D$2015,"<"&V51)) | Y50: 80 | Z50: =IF(Y50="","",COUNTIFS($C$15:$C$2015,Y$13,$D$15:$D$2015,">="&Y50,$D$15:$D$2015,"<"&Y51)) | AB50: 45 | AC50: =IF(AB50="","",COUNTIFS($C$15:$C$2015,AB$13,$D$15:$D$2015,">="&AB50,$D$15:$D$2015,"<"&AB51))
C51: KAW | D51: =+D43+1 | E51: 37 | G51: 46 | H51: =IF(G51="","",COUNTIFS($C$15:$C$2015,G$13,$D$15:$D$2015,">="&G51,$D$15:$D$2015,"<"&G52)) | K51: =IF(J51="","",COUNTIFS($C$15:$C$2015,J$13,$D$15:$D$2015,">="&J51,$D$15:$D$2015,"<"&J52)) | M51: 82 | N51: =IF(M51="","",COUNTIFS($C$15:$C$2015,M$13,$D$15:$D$2015,">="&M51,$D$15:$D$2015,"<"&M52)) | P51: 46 | Q51: =IF(P51="","",COUNTIFS($C$15:$C$2015,P$13,$D$15:$D$2015,">="&P51,$D$15:$D$2015,"<"&P52)) | S51: 82 | T51: =IF(S51="","",COUNTIFS($C$15:$C$2015,S$13,$D$15:$D$2015,">="&S51,$D$15:$D$2015,"<"&S52)) | W51: =IF(V51="","",COUNTIFS($C$15:$C$2015,V$13,$D$15:$D$2015,">="&V51,$D$15:$D$2015,"<"&V52)) | Z51: =IF(Y51="","",COUNTIFS($C$15:$C$2015,Y$13,$D$15:$D$2015,">="&Y51,$D$15:$D$2015,"<"&Y52)) | AB51: 46 | AC51: =IF(AB51="","",COUNTIFS($C$15:$C$2015,AB$13,$D$15:$D$2015,">="&AB51,$D$15:$D$2015,"<"&AB52))
C52: EMU | D52: =+D44+1 | E52: 38 | G52: 47 | H52: =IF(G52="","",COUNTIFS($C$15:$C$2015,G$13,$D$15:$D$2015,">="&G52,$D$15:$D$2015,"<"&G53)) | K52: =IF(J52="","",COUNTIFS($C$15:$C$2015,J$13,$D$15:$D$2015,">="&J52,$D$15:$D$2015,"<"&J53)) | M52: 84 | N52: =IF(M52="","",COUNTIFS($C$15:$C$2015,M$13,$D$15:$D$2015,">="&M52,$D$15:$D$2015,"<"&M53)) | P52: 47 | Q52: =IF(P52="","",COUNTIFS($C$15:$C$2015,P$13,$D$15:$D$2015,">="&P52,$D$15:$D$2015,"<"&P53)) | S52: 84 | T52: =IF(S52="","",COUNTIFS($C$15:$C$2015,S$13,$D$15:$D$2015,">="&S52,$D$15:$D$2015,"<"&S53)) | W52: =IF(V52="","",COUNTIFS($C$15:$C$2015,V$13,$D$15:$D$2015,">="&V52,$D$15:$D$2015,"<"&V53)) | Z52: =IF(Y52="","",COUNTIFS($C$15:$C$2015,Y$13,$D$15:$D$2015,">="&Y52,$D$15:$D$2015,"<"&Y53)) | AB52: 47 | AC52: =IF(AB52="","",COUNTIFS($C$15:$C$2015,AB$13,$D$15:$D$2015,">="&AB52,$D$15:$D$2015,"<"&AB53))
C53: EME | D53: =+D45+1 | E53: 39 | G53: 48 | H53: =IF(G53="","",COUNTIFS($C$15:$C$2015,G$13,$D$15:$D$2015,">="&G53,$D$15:$D$2015,"<"&G54)) | K53: =IF(J53="","",COUNTIFS($C$15:$C$2015,J$13,$D$15:$D$2015,">="&J53,$D$15:$D$2015,"<"&J54)) | M53: 86 | N53: =IF(M53="","",COUNTIFS($C$15:$C$2015,M$13,$D$15:$D$2015,">="&M53,$D$15:$D$2015,"<"&M54)) | P53: 48 | Q53: =IF(P53="","",COUNTIFS($C$15:$C$2015,P$13,$D$15:$D$2015,">="&P53,$D$15:$D$2015,"<"&P54)) | S53: 86 | T53: =IF(S53="","",COUNTIFS($C$15:$C$2015,S$13,$D$15:$D$2015,">="&S53,$D$15:$D$2015,"<"&S54)) | W53: =IF(V53="","",COUNTIFS($C$15:$C$2015,V$13,$D$15:$D$2015,">="&V53,$D$15:$D$2015,"<"&V54)) | Z53: =IF(Y53="","",COUNTIFS($C$15:$C$2015,Y$13,$D$15:$D$2015,">="&Y53,$D$15:$D$2015,"<"&Y54)) | AB53: 48 | AC53: =IF(AB53="","",COUNTIFS($C$15:$C$2015,AB$13,$D$15:$D$2015,">="&AB53,$D$15:$D$2015,"<"&AB54))
C54: VRL | D54: =+D46+1 | E54: 40 | G54: 49 | H54: =IF(G54="","",COUNTIFS($C$15:$C$2015,G$13,$D$15:$D$2015,">="&G54,$D$15:$D$2015,"<"&G55)) | K54: =IF(J54="","",COUNTIFS($C$15:$C$2015,J$13,$D$15:$D$2015,">="&J54,$D$15:$D$2015,"<"&J55)) | M54: 88 | N54: =IF(M54="","",COUNTIFS($C$15:$C$2015,M$13,$D$15:$D$2015,">="&M54,$D$15:$D$2015,"<"&M55)) | P54: 49 | Q54: =IF(P54="","",COUNTIFS($C$15:$C$2015,P$13,$D$15:$D$2015,">="&P54,$D$15:$D$2015,"<"&P55)) | S54: 88 | T54: =IF(S54="","",COUNTIFS($C$15:$C$2015,S$13,$D$15:$D$2015,">="&S54,$D$15:$D$2015,"<"&S55)) | W54: =IF(V54="","",COUNTIFS($C$15:$C$2015,V$13,$D$15:$D$2015,">="&V54,$D$15:$D$2015,"<"&V55)) | Z54: =IF(Y54="","",COUNTIFS($C$15:$C$2015,Y$13,$D$15:$D$2015,">="&Y54,$D$15:$D$2015,"<"&Y55)) | AB54: 49 | AC54: =IF(AB54="","",COUNTIFS($C$15:$C$2015,AB$13,$D$15:$D$2015,">="&AB54,$D$15:$D$2015,"<"&AB55))
C55: LTQ | D55: =+D39+10 | E55: 41 | G55: 50 | H55: =IF(G55="","",COUNTIFS($C$15:$C$2015,G$13,$D$15:$D$2015,">="&G55,$D$15:$D$2015,"<"&G56)) | K55: =IF(J55="","",COUNTIFS($C$15:$C$2015,J$13,$D$15:$D$2015,">="&J55,$D$15:$D$2015,"<"&J56)) | M55: 90 | N55: =IF(M55="","",COUNTIFS($C$15:$C$2015,M$13,$D$15:$D$2015,">="&M55,$D$15:$D$2015,"<"&M56)) | P55: 50 | Q55: =IF(P55="","",COUNTIFS($C$15:$C$2015,P$13,$D$15:$D$2015,">="&P55,$D$15:$D$2015,"<"&P56)) | S55: 90 | T55: =IF(S55="","",COUNTIFS($C$15:$C$2015,S$13,$D$15:$D$2015,">="&S55,$D$15:$D$2015,"<"&S56)) | W55: =IF(V55="","",COUNTIFS($C$15:$C$2015,V$13,$D$15:$D$2015,">="&V55,$D$15:$D$2015,"<"&V56)) | Z55: =IF(Y55="","",COUNTIFS($C$15:$C$2015,Y$13,$D$15:$D$2015,">="&Y55,$D$15:$D$2015,"<"&Y56)) | AB55: 50 | AC55: =IF(AB55="","",COUNTIFS($C$15:$C$2015,AB$13,$D$15:$D$2015,">="&AB55,$D$15:$D$2015,"<"&AB56))
C56: COM | D56: =+D40+10 | E56: 42 | G56: 51 | H56: =IF(G56="","",COUNTIFS($C$15:$C$2015,G$13,$D$15:$D$2015,">="&G56,$D$15:$D$2015,"<"&G57)) | K56: =IF(J56="","",COUNTIFS($C$15:$C$2015,J$13,$D$15:$D$2015,">="&J56,$D$15:$D$2015,"<"&J57)) | N56: =IF(M56="","",COUNTIFS($C$15:$C$2015,M$13,$D$15:$D$2015,">="&M56,$D$15:$D$2015,"<"&M57)) | P56: 51 | Q56: =IF(P56="","",COUNTIFS($C$15:$C$2015,P$13,$D$15:$D$2015,">="&P56,$D$15:$D$2015,"<"&P57)) | S56: 92 | T56: =IF(S56="","",COUNTIFS($C$15:$C$2015,S$13,$D$15:$D$2015,">="&S56,$D$15:$D$2015,"<"&S57)) | W56: =IF(V56="","",COUNTIFS($C$15:$C$2015,V$13,$D$15:$D$2015,">="&V56,$D$15:$D$2015,"<"&V57)) | Z56: =IF(Y56="","",COUNTIFS($C$15:$C$2015,Y$13,$D$15:$D$2015,">="&Y56,$D$15:$D$2015,"<"&Y57)) | AB56: 51 | AC56: =IF(AB56="","",COUNTIFS($C$15:$C$2015,AB$13,$D$15:$D$2015,">="&AB56,$D$15:$D$2015,"<"&AB57))
C57: LJB | D57: =+D41+10 | E57: 43 | G57: 52 | H57: =IF(G57="","",COUNTIFS($C$15:$C$2015,G$13,$D$15:$D$2015,">="&G57,$D$15:$D$2015,"<"&G58)) | K57: =IF(J57="","",COUNTIFS($C$15:$C$2015,J$13,$D$15:$D$2015,">="&J57,$D$15:$D$2015,"<"&J58)) | N57: =IF(M57="","",COUNTIFS($C$15:$C$2015,M$13,$D$15:$D$2015,">="&M57,$D$15:$D$2015,"<"&M58)) | P57: 52 | Q57: =IF(P57="","",COUNTIFS($C$15:$C$2015,P$13,$D$15:$D$2015,">="&P57,$D$15:$D$2015,"<"&P58)) | S57: 94 | T57: =IF(S57="","",COUNTIFS($C$15:$C$2015,S$13,$D$15:$D$2015,">="&S57,$D$15:$D$2015,"<"&S58)) | W57: =IF(V57="","",COUNTIFS($C$15:$C$2015,V$13,$D$15:$D$2015,">="&V57,$D$15:$D$2015,"<"&V58)) | Z57: =IF(Y57="","",COUNTIFS($C$15:$C$2015,Y$13,$D$15:$D$2015,">="&Y57,$D$15:$D$2015,"<"&Y58)) | AB57: 52 | AC57: =IF(AB57="","",COUNTIFS($C$15:$C$2015,AB$13,$D$15:$D$2015,">="&AB57,$D$15:$D$2015,"<"&AB58))
C58: EWS | D58: =+D42+10 | E58: 44 | G58: 53 | H58: =IF(G58="","",COUNTIFS($C$15:$C$2015,G$13,$D$15:$D$2015,">="&G58,$D$15:$D$2015,"<"&G59)) | K58: =IF(J58="","",COUNTIFS($C$15:$C$2015,J$13,$D$15:$D$2015,">="&J58,$D$15:$D$2015,"<"&J59)) | N58: =IF(M58="","",COUNTIFS($C$15:$C$2015,M$13,$D$15:$D$2015,">="&M58,$D$15:$D$2015,"<"&M59)) | P58: 53 | Q58: =IF(P58="","",COUNTIFS($C$15:$C$2015,P$13,$D$15:$D$2015,">="&P58,$D$15:$D$2015,"<"&P59)) | S58: 96 | T58: =IF(S58="","",COUNTIFS($C$15:$C$2015,S$13,$D$15:$D$2015,">="&S58,$D$15:$D$2015,"<"&S59)) | W58: =IF(V58="","",COUNTIFS($C$15:$C$2015,V$13,$D$15:$D$2015,">="&V58,$D$15:$D$2015,"<"&V59)) | Z58: =IF(Y58="","",COUNTIFS($C$15:$C$2015,Y$13,$D$15:$D$2015,">="&Y58,$D$15:$D$2015,"<"&Y59)) | AB58: 53 | AC58: =IF(AB58="","",COUNTIFS($C$15:$C$2015,AB$13,$D$15:$D$2015,">="&AB58,$D$15:$D$2015,"<"&AB59))
C59: KAW | D59: =+D43+10 | E59: 45 | G59: 54 | H59: =IF(G59="","",COUNTIFS($C$15:$C$2015,G$13,$D$15:$D$2015,">="&G59,$D$15:$D$2015,"<"&G60)) | K59: =IF(J59="","",COUNTIFS($C$15:$C$2015,J$13,$D$15:$D$2015,">="&J59,$D$15:$D$2015,"<"&J60)) | N59: =IF(M59="","",COUNTIFS($C$15:$C$2015,M$13,$D$15:$D$2015,">="&M59,$D$15:$D$2015,"<"&M60)) | P59: 54 | Q59: =IF(P59="","",COUNTIFS($C$15:$C$2015,P$13,$D$15:$D$2015,">="&P59,$D$15:$D$2015,"<"&P60)) | S59: 98 | T59: =IF(S59="","",COUNTIFS($C$15:$C$2015,S$13,$D$15:$D$2015,">="&S59,$D$15:$D$2015,"<"&S60)) | W59: =IF(V59="","",COUNTIFS($C$15:$C$2015,V$13,$D$15:$D$2015,">="&V59,$D$15:$D$2015,"<"&V60)) | Z59: =IF(Y59="","",COUNTIFS($C$15:$C$2015,Y$13,$D$15:$D$2015,">="&Y59,$D$15:$D$2015,"<"&Y60)) | AB59: 54 | AC59: =IF(AB59="","",COUNTIFS($C$15:$C$2015,AB$13,$D$15:$D$2015,">="&AB59,$D$15:$D$2015,"<"&AB60))
C60: EMU | D60: =+D44+10 | E60: 46 | G60: 55 | H60: =IF(G60="","",COUNTIFS($C$15:$C$2015,G$13,$D$15:$D$2015,">="&G60,$D$15:$D$2015,"<"&G61)) | K60: =IF(J60="","",COUNTIFS($C$15:$C$2015,J$13,$D$15:$D$2015,">="&J60,$D$15:$D$2015,"<"&J61)) | N60: =IF(M60="","",COUNTIFS($C$15:$C$2015,M$13,$D$15:$D$2015,">="&M60,$D$15:$D$2015,"<"&M61)) | P60: 55 | Q60: =IF(P60="","",COUNTIFS($C$15:$C$2015,P$13,$D$15:$D$2015,">="&P60,$D$15:$D$2015,"<"&P61)) | S60: 100 | T60: =IF(S60="","",COUNTIFS($C$15:$C$2015,S$13,$D$15:$D$2015,">="&S60,$D$15:$D$2015,"<"&S61)) | W60: =IF(V60="","",COUNTIFS($C$15:$C$2015,V$13,$D$15:$D$2015,">="&V60,$D$15:$D$2015,"<"&V61)) | Z60: =IF(Y60="","",COUNTIFS($C$15:$C$2015,Y$13,$D$15:$D$2015,">="&Y60,$D$15:$D$2015,"<"&Y61)) | AB60: 55 | AC60: =IF(AB60="","",COUNTIFS($C$15:$C$2015,AB$13,$D$15:$D$2015,">="&AB60,$D$15:$D$2015,"<"&AB61))
C61: EME | D61: =+D45+10 | E61: 47 | G61: 56 | H61: =IF(G61="","",COUNTIFS($C$15:$C$2015,G$13,$D$15:$D$2015,">="&G61,$D$15:$D$2015,"<"&G62)) | K61: =IF(J61="","",COUNTIFS($C$15:$C$2015,J$13,$D$15:$D$2015,">="&J61,$D$15:$D$2015,"<"&J62)) | N61: =IF(M61="","",COUNTIFS($C$15:$C$2015,M$13,$D$15:$D$2015,">="&M61,$D$15:$D$2015,"<"&M62)) | P61: 56 | Q61: =IF(P61="","",COUNTIFS($C$15:$C$2015,P$13,$D$15:$D$2015,">="&P61,$D$15:$D$2015,"<"&P62)) | T61: =IF(S61="","",COUNTIFS($C$15:$C$2015,S$13,$D$15:$D$2015,">="&S61,$D$15:$D$2015,"<"&S62)) | W61: =IF(V61="","",COUNTIFS($C$15:$C$2015,V$13,$D$15:$D$2015,">="&V61,$D$15:$D$2015,"<"&V62)) | Z61: =IF(Y61="","",COUNTIFS($C$15:$C$2015,Y$13,$D$15:$D$2015,">="&Y61,$D$15:$D$2015,"<"&Y62)) | AB61: 56 | AC61: =IF(AB61="","",COUNTIFS($C$15:$C$2015,AB$13,$D$15:$D$2015,">="&AB61,$D$15:$D$2015,"<"&AB62))
C62: VRL | D62: =+D46+10 | E62: 48 | G62: 57 | H62: =IF(G62="","",COUNTIFS($C$15:$C$2015,G$13,$D$15:$D$2015,">="&G62,$D$15:$D$2015,"<"&G63)) | K62: =IF(J62="","",COUNTIFS($C$15:$C$2015,J$13,$D$15:$D$2015,">="&J62,$D$15:$D$2015,"<"&J63)) | N62: =IF(M62="","",COUNTIFS($C$15:$C$2015,M$13,$D$15:$D$2015,">="&M62,$D$15:$D$2015,"<"&M63)) | P62: 57 | Q62: =IF(P62="","",COUNTIFS($C$15:$C$2015,P$13,$D$15:$D$2015,">="&P62,$D$15:$D$2015,"<"&P63)) | T62: =IF(S62="","",COUNTIFS($C$15:$C$2015,S$13,$D$15:$D$2015,">="&S62,$D$15:$D$2015,"<"&S63)) | W62: =IF(V62="","",COUNTIFS($C$15:$C$2015,V$13,$D$15:$D$2015,">="&V62,$D$15:$D$2015,"<"&V63)) | Z62: =IF(Y62="","",COUNTIFS($C$15:$C$2015,Y$13,$D$15:$D$2015,">="&Y62,$D$15:$D$2015,"<"&Y63)) | AB62: 57 | AC62: =IF(AB62="","",COUNTIFS($C$15:$C$2015,AB$13,$D$15:$D$2015,">="&AB62,$D$15:$D$2015,"<"&AB63))
C63: LTQ | D63: =+D31+5 | E63: 49 | G63: 58 | H63: =IF(G63="","",COUNTIFS($C$15:$C$2015,G$13,$D$15:$D$2015,">="&G63,$D$15:$D$2015,"<"&G64)) | K63: =IF(J63="","",COUNTIFS($C$15:$C$2015,J$13,$D$15:$D$2015,">="&J63,$D$15:$D$2015,"<"&J64)) | N63: =IF(M63="","",COUNTIFS($C$15:$C$2015,M$13,$D$15:$D$2015,">="&M63,$D$15:$D$2015,"<"&M64)) | P63: 58 | Q63: =IF(P63="","",COUNTIFS($C$15:$C$2015,P$13,$D$15:$D$2015,">="&P63,$D$15:$D$2015,"<"&P64)) | T63: =IF(S63="","",COUNTIFS($C$15:$C$2015,S$13,$D$15:$D$2015,">="&S63,$D$15:$D$2015,"<"&S64)) | W63: =IF(V63="","",COUNTIFS($C$15:$C$2015,V$13,$D$15:$D$2015,">="&V63,$D$15:$D$2015,"<"&V64)) | Z63: =IF(Y63="","",COUNTIFS($C$15:$C$2015,Y$13,$D$15:$D$2015,">="&Y63,$D$15:$D$2015,"<"&Y64)) | AB63: 58 | AC63: =IF(AB63="","",COUNTIFS($C$15:$C$2015,AB$13,$D$15:$D$2015,">="&AB63,$D$15:$D$2015,"<"&AB64))
C64: COM | D64: =+D32+5 | E64: 50 | G64: 59 | H64: =IF(G64="","",COUNTIFS($C$15:$C$2015,G$13,$D$15:$D$2015,">="&G64,$D$15:$D$2015,"<"&G65)) | K64: =IF(J64="","",COUNTIFS($C$15:$C$2015,J$13,$D$15:$D$2015,">="&J64,$D$15:$D$2015,"<"&J65)) | N64: =IF(M64="","",COUNTIFS($C$15:$C$2015,M$13,$D$15:$D$2015,">="&M64,$D$15:$D$2015,"<"&M65)) | P64: 59 | Q64: =IF(P64="","",COUNTIFS($C$15:$C$2015,P$13,$D$15:$D$2015,">="&P64,$D$15:$D$2015,"<"&P65)) | T64: =IF(S64="","",COUNTIFS($C$15:$C$2015,S$13,$D$15:$D$2015,">="&S64,$D$15:$D$2015,"<"&S65)) | W64: =IF(V64="","",COUNTIFS($C$15:$C$2015,V$13,$D$15:$D$2015,">="&V64,$D$15:$D$2015,"<"&V65)) | Z64: =IF(Y64="","",COUNTIFS($C$15:$C$2015,Y$13,$D$15:$D$2015,">="&Y64,$D$15:$D$2015,"<"&Y65)) | AB64: 59 | AC64: =IF(AB64="","",COUNTIFS($C$15:$C$2015,AB$13,$D$15:$D$2015,">="&AB64,$D$15:$D$2015,"<"&AB65))
C65: LJB | D65: =+D33+5 | E65: 51 | G65: 60 | H65: =IF(G65="","",COUNTIFS($C$15:$C$2015,G$13,$D$15:$D$2015,">="&G65,$D$15:$D$2015,"<"&G66)) | K65: =IF(J65="","",COUNTIFS($C$15:$C$2015,J$13,$D$15:$D$2015,">="&J65,$D$15:$D$2015,"<"&J66)) | N65: =IF(M65="","",COUNTIFS($C$15:$C$2015,M$13,$D$15:$D$2015,">="&M65,$D$15:$D$2015,"<"&M66)) | P65: 60 | Q65: =IF(P65="","",COUNTIFS($C$15:$C$2015,P$13,$D$15:$D$2015,">="&P65,$D$15:$D$2015,"<"&P66)) | T65: =IF(S65="","",COUNTIFS($C$15:$C$2015,S$13,$D$15:$D$2015,">="&S65,$D$15:$D$2015,"<"&S66)) | W65: =IF(V65="","",COUNTIFS($C$15:$C$2015,V$13,$D$15:$D$2015,">="&V65,$D$15:$D$2015,"<"&V66)) | Z65: =IF(Y65="","",COUNTIFS($C$15:$C$2015,Y$13,$D$15:$D$2015,">="&Y65,$D$15:$D$2015,"<"&Y66)) | AB65: 60 | AC65: =IF(AB65="","",COUNTIFS($C$15:$C$2015,AB$13,$D$15:$D$2015,">="&AB65,$D$15:$D$2015,"<"&AB66))
C66: EWS | D66: =+D34+5 | E66: 52 | G66: 61 | H66: =IF(G66="","",COUNTIFS($C$15:$C$2015,G$13,$D$15:$D$2015,">="&G66,$D$15:$D$2015,"<"&G67)) | K66: =IF(J66="","",COUNTIFS($C$15:$C$2015,J$13,$D$15:$D$2015,">="&J66,$D$15:$D$2015,"<"&J67)) | N66: =IF(M66="","",COUNTIFS($C$15:$C$2015,M$13,$D$15:$D$2015,">="&M66,$D$15:$D$2015,"<"&M67)) | P66: 61 | Q66: =IF(P66="","",COUNTIFS($C$15:$C$2015,P$13,$D$15:$D$2015,">="&P66,$D$15:$D$2015,"<"&P67)) | T66: =IF(S66="","",COUNTIFS($C$15:$C$2015,S$13,$D$15:$D$2015,">="&S66,$D$15:$D$2015,"<"&S67)) | W66: =IF(V66="","",COUNTIFS($C$15:$C$2015,V$13,$D$15:$D$2015,">="&V66,$D$15:$D$2015,"<"&V67)) | Z66: =IF(Y66="","",COUNTIFS($C$15:$C$2015,Y$13,$D$15:$D$2015,">="&Y66,$D$15:$D$2015,"<"&Y67)) | AB66: 61 | AC66: =IF(AB66="","",COUNTIFS($C$15:$C$2015,AB$13,$D$15:$D$2015,">="&AB66,$D$15:$D$2015,"<"&AB67))
C67: KAW | D67: =+D35+5 | E67: 53 | G67: 62 | H67: =IF(G67="","",COUNTIFS($C$15:$C$2015,G$13,$D$15:$D$2015,">="&G67,$D$15:$D$2015,"<"&G68)) | K67: =IF(J67="","",COUNTIFS($C$15:$C$2015,J$13,$D$15:$D$2015,">="&J67,$D$15:$D$2015,"<"&J68)) | N67: =IF(M67="","",COUNTIFS($C$15:$C$2015,M$13,$D$15:$D$2015,">="&M67,$D$15:$D$2015,"<"&M68)) | P67: 62 | Q67: =IF(P67="","",COUNTIFS($C$15:$C$2015,P$13,$D$15:$D$2015,">="&P67,$D$15:$D$2015,"<"&P68)) | T67: =IF(S67="","",COUNTIFS($C$15:$C$2015,S$13,$D$15:$D$2015,">="&S67,$D$15:$D$2015,"<"&S68)) | W67: =IF(V67="","",COUNTIFS($C$15:$C$2015,V$13,$D$15:$D$2015,">="&V67,$D$15:$D$2015,"<"&V68)) | Z67: =IF(Y67="","",COUNTIFS($C$15:$C$2015,Y$13,$D$15:$D$2015,">="&Y67,$D$15:$D$2015,"<"&Y68)) | AB67: 62 | AC67: =IF(AB67="","",COUNTIFS($C$15:$C$2015,AB$13,$D$15:$D$2015,">="&AB67,$D$15:$D$2015,"<"&AB68))
C68: EMU | D68: =+D36+5 | E68: 54 | G68: 63 | H68: =IF(G68="","",COUNTIFS($C$15:$C$2015,G$13,$D$15:$D$2015,">="&G68,$D$15:$D$2015,"<"&G69)) | K68: =IF(J68="","",COUNTIFS($C$15:$C$2015,J$13,$D$15:$D$2015,">="&J68,$D$15:$D$2015,"<"&J69)) | N68: =IF(M68="","",COUNTIFS($C$15:$C$2015,M$13,$D$15:$D$2015,">="&M68,$D$15:$D$2015,"<"&M69)) | P68: 63 | Q68: =IF(P68="","",COUNTIFS($C$15:$C$2015,P$13,$D$15:$D$2015,">="&P68,$D$15:$D$2015,"<"&P69)) | T68: =IF(S68="","",COUNTIFS($C$15:$C$2015,S$13,$D$15:$D$2015,">="&S68,$D$15:$D$2015,"<"&S69)) | W68: =IF(V68="","",COUNTIFS($C$15:$C$2015,V$13,$D$15:$D$2015,">="&V68,$D$15:$D$2015,"<"&V69)) | Z68: =IF(Y68="","",COUNTIFS($C$15:$C$2015,Y$13,$D$15:$D$2015,">="&Y68,$D$15:$D$2015,"<"&Y69)) | AC68: =IF(AB68="","",COUNTIFS($C$15:$C$2015,AB$13,$D$15:$D$2015,">="&AB68,$D$15:$D$2015,"<"&AB69))
C69: EME | D69: =+D37+5 | E69: 55 | G69: 64 | H69: =IF(G69="","",COUNTIFS($C$15:$C$2015,G$13,$D$15:$D$2015,">="&G69,$D$15:$D$2015,"<"&G70)) | K69: =IF(J69="","",COUNTIFS($C$15:$C$2015,J$13,$D$15:$D$2015,">="&J69,$D$15:$D$2015,"<"&J70)) | N69: =IF(M69="","",COUNTIFS($C$15:$C$2015,M$13,$D$15:$D$2015,">="&M69,$D$15:$D$2015,"<"&M70)) | P69: 64 | Q69: =IF(P69="","",COUNTIFS($C$15:$C$2015,P$13,$D$15:$D$2015,">="&P69,$D$15:$D$2015,"<"&P70)) | T69: =IF(S69="","",COUNTIFS($C$15:$C$2015,S$13,$D$15:$D$2015,">="&S69,$D$15:$D$2015,"<"&S70)) | W69: =IF(V69="","",COUNTIFS($C$15:$C$2015,V$13,$D$15:$D$2015,">="&V69,$D$15:$D$2015,"<"&V70)) | Z69: =IF(Y69="","",COUNTIFS($C$15:$C$2015,Y$13,$D$15:$D$2015,">="&Y69,$D$15:$D$2015,"<"&Y70)) | AC69: =IF(AB69="","",COUNTIFS($C$15:$C$2015,AB$13,$D$15:$D$2015,">="&AB69,$D$15:$D$2015,"<"&AB70))
C70: VRL | D70: =+D38+5 | E70: 56 | G70: 65 | H70: =IF(G70="","",COUNTIFS($C$15:$C$2015,G$13,$D$15:$D$2015,">="&G70,$D$15:$D$2015,"<"&G71)) | K70: =IF(J70="","",COUNTIFS($C$15:$C$2015,J$13,$D$15:$D$2015,">="&J70,$D$15:$D$2015,"<"&J71)) | N70: =IF(M70="","",COUNTIFS($C$15:$C$2015,M$13,$D$15:$D$2015,">="&M70,$D$15:$D$2015,"<"&M71)) | P70: 65 | Q70: =IF(P70="","",COUNTIFS($C$15:$C$2015,P$13,$D$15:$D$2015,">="&P70,$D$15:$D$2015,"<"&P71)) | T70: =IF(S70="","",COUNTIFS($C$15:$C$2015,S$13,$D$15:$D$2015,">="&S70,$D$15:$D$2015,"<"&S71)) | W70: =IF(V70="","",COUNTIFS($C$15:$C$2015,V$13,$D$15:$D$2015,">="&V70,$D$15:$D$2015,"<"&V71)) | Z70: =IF(Y70="","",COUNTIFS($C$15:$C$2015,Y$13,$D$15:$D$2015,">="&Y70,$D$15:$D$2015,"<"&Y71)) | AC70: =IF(AB70="","",COUNTIFS($C$15:$C$2015,AB$13,$D$15:$D$2015,">="&AB70,$D$15:$D$2015,"<"&AB71))
C71: LTQ | D71: =+D31+5 | E71: 57 | G71: 66 | H71: =IF(G71="","",COUNTIFS($C$15:$C$2015,G$13,$D$15:$D$2015,">="&G71,$D$15:$D$2015,"<"&G72)) | K71: =IF(J71="","",COUNTIFS($C$15:$C$2015,J$13,$D$15:$D$2015,">="&J71,$D$15:$D$2015,"<"&J72)) | N71: =IF(M71="","",COUNTIFS($C$15:$C$2015,M$13,$D$15:$D$2015,">="&M71,$D$15:$D$2015,"<"&M72)) | P71: 66 | Q71: =IF(P71="","",COUNTIFS($C$15:$C$2015,P$13,$D$15:$D$2015,">="&P71,$D$15:$D$2015,"<"&P72)) | T71: =IF(S71="","",COUNTIFS($C$15:$C$2015,S$13,$D$15:$D$2015,">="&S71,$D$15:$D$2015,"<"&S72)) | W71: =IF(V71="","",COUNTIFS($C$15:$C$2015,V$13,$D$15:$D$2015,">="&V71,$D$15:$D$2015,"<"&V72)) | Z71: =IF(Y71="","",COUNTIFS($C$15:$C$2015,Y$13,$D$15:$D$2015,">="&Y71,$D$15:$D$2015,"<"&Y72)) | AC71: =IF(AB71="","",COUNTIFS($C$15:$C$2015,AB$13,$D$15:$D$2015,">="&AB71,$D$15:$D$2015,"<"&AB72))
C72: COM | D72: =+D32+5 | E72: 58 | G72: 67 | H72: =IF(G72="","",COUNTIFS($C$15:$C$2015,G$13,$D$15:$D$2015,">="&G72,$D$15:$D$2015,"<"&G73)) | K72: =IF(J72="","",COUNTIFS($C$15:$C$2015,J$13,$D$15:$D$2015,">="&J72,$D$15:$D$2015,"<"&J73)) | N72: =IF(M72="","",COUNTIFS($C$15:$C$2015,M$13,$D$15:$D$2015,">="&M72,$D$15:$D$2015,"<"&M73)) | P72: 67 | Q72: =IF(P72="","",COUNTIFS($C$15:$C$2015,P$13,$D$15:$D$2015,">="&P72,$D$15:$D$2015,"<"&P73)) | T72: =IF(S72="","",COUNTIFS($C$15:$C$2015,S$13,$D$15:$D$2015,">="&S72,$D$15:$D$2015,"<"&S73)) | W72: =IF(V72="","",COUNTIFS($C$15:$C$2015,V$13,$D$15:$D$2015,">="&V72,$D$15:$D$2015,"<"&V73)) | Z72: =IF(Y72="","",COUNTIFS($C$15:$C$2015,Y$13,$D$15:$D$2015,">="&Y72,$D$15:$D$2015,"<"&Y73)) | AC72: =IF(AB72="","",COUNTIFS($C$15:$C$2015,AB$13,$D$15:$D$2015,">="&AB72,$D$15:$D$2015,"<"&AB73))
C73: LJB | D73: =+D33+5 | E73: 59 | G73: 68 | H73: =IF(G73="","",COUNTIFS($C$15:$C$2015,G$13,$D$15:$D$2015,">="&G73,$D$15:$D$2015,"<"&G74)) | K73: =IF(J73="","",COUNTIFS($C$15:$C$2015,J$13,$D$15:$D$2015,">="&J73,$D$15:$D$2015,"<"&J74)) | N73: =IF(M73="","",COUNTIFS($C$15:$C$2015,M$13,$D$15:$D$2015,">="&M73,$D$15:$D$2015,"<"&M74)) | P73: 68 | Q73: =IF(P73="","",COUNTIFS($C$15:$C$2015,P$13,$D$15:$D$2015,">="&P73,$D$15:$D$2015,"<"&P74)) | T73: =IF(S73="","",COUNTIFS($C$15:$C$2015,S$13,$D$15:$D$2015,">="&S73,$D$15:$D$2015,"<"&S74)) | W73: =IF(V73="","",COUNTIFS($C$15:$C$2015,V$13,$D$15:$D$2015,">="&V73,$D$15:$D$2015,"<"&V74)) | Z73: =IF(Y73="","",COUNTIFS($C$15:$C$2015,Y$13,$D$15:$D$2015,">="&Y73,$D$15:$D$2015,"<"&Y74)) | AC73: =IF(AB73="","",COUNTIFS($C$15:$C$2015,AB$13,$D$15:$D$2015,">="&AB73,$D$15:$D$2015,"<"&AB74))
C74: EWS | D74: =+D34+5 | E74: 60 | G74: 69 | H74: =IF(G74="","",COUNTIFS($C$15:$C$2015,G$13,$D$15:$D$2015,">="&G74,$D$15:$D$2015,"<"&G75)) | K74: =IF(J74="","",COUNTIFS($C$15:$C$2015,J$13,$D$15:$D$2015,">="&J74,$D$15:$D$2015,"<"&J75)) | N74: =IF(M74="","",COUNTIFS($C$15:$C$2015,M$13,$D$15:$D$2015,">="&M74,$D$15:$D$2015,"<"&M75)) | P74: 69 | Q74: =IF(P74="","",COUNTIFS($C$15:$C$2015,P$13,$D$15:$D$2015,">="&P74,$D$15:$D$2015,"<"&P75)) | T74: =IF(S74="","",COUNTIFS($C$15:$C$2015,S$13,$D$15:$D$2015,">="&S74,$D$15:$D$2015,"<"&S75)) | W74: =IF(V74="","",COUNTIFS($C$15:$C$2015,V$13,$D$15:$D$2015,">="&V74,$D$15:$D$2015,"<"&V75)) | Z74: =IF(Y74="","",COUNTIFS($C$15:$C$2015,Y$13,$D$15:$D$2015,">="&Y74,$D$15:$D$2015,"<"&Y75)) | AC74: =IF(AB74="","",COUNTIFS($C$15:$C$2015,AB$13,$D$15:$D$2015,">="&AB74,$D$15:$D$2015,"<"&AB75))
C75: KAW | D75: =+D35+5 | E75: 61 | G75: 70 | H75: =IF(G75="","",COUNTIFS($C$15:$C$2015,G$13,$D$15:$D$2015,">="&G75,$D$15:$D$2015,"<"&G76)) | K75: =IF(J75="","",COUNTIFS($C$15:$C$2015,J$13,$D$15:$D$2015,">="&J75,$D$15:$D$2015,"<"&J76)) | N75: =IF(M75="","",COUNTIFS($C$15:$C$2015,M$13,$D$15:$D$2015,">="&M75,$D$15:$D$2015,"<"&M76)) | P75: 70 | Q75: =IF(P75="","",COUNTIFS($C$15:$C$2015,P$13,$D$15:$D$2015,">="&P75,$D$15:$D$2015,"<"&P76)) | T75: =IF(S75="","",COUNTIFS($C$15:$C$2015,S$13,$D$15:$D$2015,">="&S75,$D$15:$D$2015,"<"&S76)) | W75: =IF(V75="","",COUNTIFS($C$15:$C$2015,V$13,$D$15:$D$2015,">="&V75,$D$15:$D$2015,"<"&V76)) | Z75: =IF(Y75="","",COUNTIFS($C$15:$C$2015,Y$13,$D$15:$D$2015,">="&Y75,$D$15:$D$2015,"<"&Y76)) | AC75: =IF(AB75="","",COUNTIFS($C$15:$C$2015,AB$13,$D$15:$D$2015,">="&AB75,$D$15:$D$2015,"<"&AB76))
C76: EMU | D76: =+D36+5 | E76: 62 | G76: 71 | H76: =IF(G76="","",COUNTIFS($C$15:$C$2015,G$13,$D$15:$D$2015,">="&G76,$D$15:$D$2015,"<"&G77)) | K76: =IF(J76="","",COUNTIFS($C$15:$C$2015,J$13,$D$15:$D$2015,">="&J76,$D$15:$D$2015,"<"&J77)) | N76: =IF(M76="","",COUNTIFS($C$15:$C$2015,M$13,$D$15:$D$2015,">="&M76,$D$15:$D$2015,"<"&M77)) | P76: 71 | Q76: =IF(P76="","",COUNTIFS($C$15:$C$2015,P$13,$D$15:$D$2015,">="&P76,$D$15:$D$2015,"<"&P77)) | T76: =IF(S76="","",COUNTIFS($C$15:$C$2015,S$13,$D$15:$D$2015,">="&S76,$D$15:$D$2015,"<"&S77)) | W76: =IF(V76="","",COUNTIFS($C$15:$C$2015,V$13,$D$15:$D$2015,">="&V76,$D$15:$D$2015,"<"&V77)) | Z76: =IF(Y76="","",COUNTIFS($C$15:$C$2015,Y$13,$D$15:$D$2015,">="&Y76,$D$15:$D$2015,"<"&Y77)) | AC76: =IF(AB76="","",COUNTIFS($C$15:$C$2015,AB$13,$D$15:$D$2015,">="&AB76,$D$15:$D$2015,"<"&AB77))
C77: EME | D77: =+D37+5 | E77: 63 | G77: 72 | H77: =IF(G77="","",COUNTIFS($C$15:$C$2015,G$13,$D$15:$D$2015,">="&G77,$D$15:$D$2015,"<"&G78)) | K77: =IF(J77="","",COUNTIFS($C$15:$C$2015,J$13,$D$15:$D$2015,">="&J77,$D$15:$D$2015,"<"&J78)) | N77: =IF(M77="","",COUNTIFS($C$15:$C$2015,M$13,$D$15:$D$2015,">="&M77,$D$15:$D$2015,"<"&M78)) | P77: 72 | Q77: =IF(P77="","",COUNTIFS($C$15:$C$2015,P$13,$D$15:$D$2015,">="&P77,$D$15:$D$2015,"<"&P78)) | T77: =IF(S77="","",COUNTIFS($C$15:$C$2015,S$13,$D$15:$D$2015,">="&S77,$D$15:$D$2015,"<"&S78)) | W77: =IF(V77="","",COUNTIFS($C$15:$C$2015,V$13,$D$15:$D$2015,">="&V77,$D$15:$D$2015,"<"&V78)) | Z77: =IF(Y77="","",COUNTIFS($C$15:$C$2015,Y$13,$D$15:$D$2015,">="&Y77,$D$15:$D$2015,"<"&Y78)) | AC77: =IF(AB77="","",COUNTIFS($C$15:$C$2015,AB$13,$D$15:$D$2015,">="&AB77,$D$15:$D$2015,"<"&AB78))
C78: VRL | D78: =+D38+5 | E78: 64 | G78: 73 | H78: =IF(G78="","",COUNTIFS($C$15:$C$2015,G$13,$D$15:$D$2015,">="&G78,$D$15:$D$2015,"<"&G79)) | K78: =IF(J78="","",COUNTIFS($C$15:$C$2015,J$13,$D$15:$D$2015,">="&J78,$D$15:$D$2015,"<"&J79)) | N78: =IF(M78="","",COUNTIFS($C$15:$C$2015,M$13,$D$15:$D$2015,">="&M78,$D$15:$D$2015,"<"&M79)) | P78: 73 | Q78: =IF(P78="","",COUNTIFS($C$15:$C$2015,P$13,$D$15:$D$2015,">="&P78,$D$15:$D$2015,"<"&P79)) | T78: =IF(S78="","",COUNTIFS($C$15:$C$2015,S$13,$D$15:$D$2015,">="&S78,$D$15:$D$2015,"<"&S79)) | W78: =IF(V78="","",COUNTIFS($C$15:$C$2015,V$13,$D$15:$D$2015,">="&V78,$D$15:$D$2015,"<"&V79)) | Z78: =IF(Y78="","",COUNTIFS($C$15:$C$2015,Y$13,$D$15:$D$2015,">="&Y78,$D$15:$D$2015,"<"&Y79)) | AC78: =IF(AB78="","",COUNTIFS($C$15:$C$2015,AB$13,$D$15:$D$2015,">="&AB78,$D$15:$D$2015,"<"&AB79))
G79: 74 | H79: =IF(G79="","",COUNTIFS($C$15:$C$2015,G$13,$D$15:$D$2015,">="&G79,$D$15:$D$2015,"<"&G80)) | K79: =IF(J79="","",COUNTIFS($C$15:$C$2015,J$13,$D$15:$D$2015,">="&J79,$D$15:$D$2015,"<"&J80)) | N79: =IF(M79="","",COUNTIFS($C$15:$C$2015,M$13,$D$15:$D$2015,">="&M79,$D$15:$D$2015,"<"&M80)) | P79: 74 | Q79: =IF(P79="","",COUNTIFS($C$15:$C$2015,P$13,$D$15:$D$2015,">="&P79,$D$15:$D$2015,"<"&P80)) | T79: =IF(S79="","",COUNTIFS($C$15:$C$2015,S$13,$D$15:$D$2015,">="&S79,$D$15:$D$2015,"<"&S80)) | W79: =IF(V79="","",COUNTIFS($C$15:$C$2015,V$13,$D$15:$D$2015,">="&V79,$D$15:$D$2015,"<"&V80)) | Z79: =IF(Y79="","",COUNTIFS($C$15:$C$2015,Y$13,$D$15:$D$2015,">="&Y79,$D$15:$D$2015,"<"&Y80)) | AC79: =IF(AB79="","",COUNTIFS($C$15:$C$2015,AB$13,$D$15:$D$2015,">="&AB79,$D$15:$D$2015,"<"&AB80))
G80: 75 | H80: =IF(G80="","",COUNTIFS($C$15:$C$2015,G$13,$D$15:$D$2015,">="&G80,$D$15:$D$2015,"<"&G81)) | K80: =IF(J80="","",COUNTIFS($C$15:$C$2015,J$13,$D$15:$D$2015,">="&J80,$D$15:$D$2015,"<"&J81)) | N80: =IF(M80="","",COUNTIFS($C$15:$C$2015,M$13,$D$15:$D$2015,">="&M80,$D$15:$D$2015,"<"&M81)) | P80: 75 | Q80: =IF(P80="","",COUNTIFS($C$15:$C$2015,P$13,$D$15:$D$2015,">="&P80,$D$15:$D$2015,"<"&P81)) | T80: =IF(S80="","",COUNTIFS($C$15:$C$2015,S$13,$D$15:$D$2015,">="&S80,$D$15:$D$2015,"<"&S81)) | W80: =IF(V80="","",COUNTIFS($C$15:$C$2015,V$13,$D$15:$D$2015,">="&V80,$D$15:$D$2015,"<"&V81)) | Z80: =IF(Y80="","",COUNTIFS($C$15:$C$2015,Y$13,$D$15:$D$2015,">="&Y80,$D$15:$D$2015,"<"&Y81)) | AC80: =IF(AB80="","",COUNTIFS($C$15:$C$2015,AB$13,$D$15:$D$2015,">="&AB80,$D$15:$D$2015,"<"&AB81))
G81: 76 | H81: =IF(G81="","",COUNTIFS($C$15:$C$2015,G$13,$D$15:$D$2015,">="&G81,$D$15:$D$2015,"<"&G82)) | K81: =IF(J81="","",COUNTIFS($C$15:$C$2015,J$13,$D$15:$D$2015,">="&J81,$D$15:$D$2015,"<"&J82)) | N81: =IF(M81="","",COUNTIFS($C$15:$C$2015,M$13,$D$15:$D$2015,">="&M81,$D$15:$D$2015,"<"&M82)) | P81: 76 | Q81: =IF(P81="","",COUNTIFS($C$15:$C$2015,P$13,$D$15:$D$2015,">="&P81,$D$15:$D$2015,"<"&P82)) | T81: =IF(S81="","",COUNTIFS($C$15:$C$2015,S$13,$D$15:$D$2015,">="&S81,$D$15:$D$2015,"<"&S82)) | W81: =IF(V81="","",COUNTIFS($C$15:$C$2015,V$13,$D$15:$D$2015,">="&V81,$D$15:$D$2015,"<"&V82)) | Z81: =IF(Y81="","",COUNTIFS($C$15:$C$2015,Y$13,$D$15:$D$2015,">="&Y81,$D$15:$D$2015,"<"&Y82)) | AC81: =IF(AB81="","",COUNTIFS($C$15:$C$2015,AB$13,$D$15:$D$2015,">="&AB81,$D$15:$D$2015,"<"&AB82))
G82: 77 | H82: =IF(G82="","",COUNTIFS($C$15:$C$2015,G$13,$D$15:$D$2015,">="&G82,$D$15:$D$2015,"<"&G83)) | K82: =IF(J82="","",COUNTIFS($C$15:$C$2015,J$13,$D$15:$D$2015,">="&J82,$D$15:$D$2015,"<"&J83)) | N82: =IF(M82="","",COUNTIFS($C$15:$C$2015,M$13,$D$15:$D$2015,">="&M82,$D$15:$D$2015,"<"&M83)) | P82: 77 | Q82: =IF(P82="","",COUNTIFS($C$15:$C$2015,P$13,$D$15:$D$2015,">="&P82,$D$15:$D$2015,"<"&P83)) | T82: =IF(S82="","",COUNTIFS($C$15:$C$2015,S$13,$D$15:$D$2015,">="&S82,$D$15:$D$2015,"<"&S83)) | W82: =IF(V82="","",COUNTIFS($C$15:$C$2015,V$13,$D$15:$D$2015,">="&V82,$D$15:$D$2015,"<"&V83)) | Z82: =IF(Y82="","",COUNTIFS($C$15:$C$2015,Y$13,$D$15:$D$2015,">="&Y82,$D$15:$D$2015,"<"&Y83)) | AC82: =IF(AB82="","",COUNTIFS($C$15:$C$2015,AB$13,$D$15:$D$2015,">="&AB82,$D$15:$D$2015,"<"&AB83))
G83: 78 | H83: =IF(G83="","",COUNTIFS($C$15:$C$2015,G$13,$D$15:$D$2015,">="&G83,$D$15:$D$2015,"<"&G84)) | K83: =IF(J83="","",COUNTIFS($C$15:$C$2015,J$13,$D$15:$D$2015,">="&J83,$D$15:$D$2015,"<"&J84)) | N83: =IF(M83="","",COUNTIFS($C$15:$C$2015,M$13,$D$15:$D$2015,">="&M83,$D$15:$D$2015,"<"&M84)) | P83: 78 | Q83: =IF(P83="","",COUNTIFS($C$15:$C$2015,P$13,$D$15:$D$2015,">="&P83,$D$15:$D$2015,"<"&P84)) | T83: =IF(S83="","",COUNTIFS($C$15:$C$2015,S$13,$D$15:$D$2015,">="&S83,$D$15:$D$2015,"<"&S84)) | W83: =IF(V83="","",COUNTIFS($C$15:$C$2015,V$13,$D$15:$D$2015,">="&V83,$D$15:$D$2015,"<"&V84)) | Z83: =IF(Y83="","",COUNTIFS($C$15:$C$2015,Y$13,$D$15:$D$2015,">="&Y83,$D$15:$D$2015,"<"&Y84)) | AC83: =IF(AB83="","",COUNTIFS($C$15:$C$2015,AB$13,$D$15:$D$2015,">="&AB83,$D$15:$D$2015,"<"&AB84))
G84: 79 | H84: =IF(G84="","",COUNTIFS($C$15:$C$2015,G$13,$D$15:$D$2015,">="&G84,$D$15:$D$2015,"<"&G85)) | K84: =IF(J84="","",COUNTIFS($C$15:$C$2015,J$13,$D$15:$D$2015,">="&J84,$D$15:$D$2015,"<"&J85)) | N84: =IF(M84="","",COUNTIFS($C$15:$C$2015,M$13,$D$15:$D$2015,">="&M84,$D$15:$D$2015,"<"&M85)) | P84: 79 | Q84: =IF(P84="","",COUNTIFS($C$15:$C$2015,P$13,$D$15:$D$2015,">="&P84,$D$15:$D$2015,"<"&P85)) | T84: =IF(S84="","",COUNTIFS($C$15:$C$2015,S$13,$D$15:$D$2015,">="&S84,$D$15:$D$2015,"<"&S85)) | W84: =IF(V84="","",COUNTIFS($C$15:$C$2015,V$13,$D$15:$D$2015,">="&V84,$D$15:$D$2015,"<"&V85)) | Z84: =IF(Y84="","",COUNTIFS($C$15:$C$2015,Y$13,$D$15:$D$2015,">="&Y84,$D$15:$D$2015,"<"&Y85)) | AC84: =IF(AB84="","",COUNTIFS($C$15:$C$2015,AB$13,$D$15:$D$2015,">="&AB84,$D$15:$D$2015,"<"&AB85))
G85: 80 | H85: =IF(G85="","",COUNTIFS($C$15:$C$2015,G$13,$D$15:$D$2015,">="&G85,$D$15:$D$2015,"<"&G86)) | K85: =IF(J85="","",COUNTIFS($C$15:$C$2015,J$13,$D$15:$D$2015,">="&J85,$D$15:$D$2015,"<"&J86)) | N85: =IF(M85="","",COUNTIFS($C$15:$C$2015,M$13,$D$15:$D$2015,">="&M85,$D$15:$D$2015,"<"&M86)) | P85: 80 | Q85: =IF(P85="","",COUNTIFS($C$15:$C$2015,P$13,$D$15:$D$2015,">="&P85,$D$15:$D$2015,"<"&P86)) | T85: =IF(S85="","",COUNTIFS($C$15:$C$2015,S$13,$D$15:$D$2015,">="&S85,$D$15:$D$2015,"<"&S86)) | W85: =IF(V85="","",COUNTIFS($C$15:$C$2015,V$13,$D$15:$D$2015,">="&V85,$D$15:$D$2015,"<"&V86)) | Z85: =IF(Y85="","",COUNTIFS($C$15:$C$2015,Y$13,$D$15:$D$2015,">="&Y85,$D$15:$D$2015,"<"&Y86)) | AC85: =IF(AB85="","",COUNTIFS($C$15:$C$2015,AB$13,$D$15:$D$2015,">="&AB85,$D$15:$D$2015,"<"&AB86))
H86: =SUMIF($C$15:$C$2015,G$13,$D$15:$D$2015) | K86: =IF(J86="","",COUNTIFS($C$15:$C$2015,J$13,$D$15:$D$2015,">="&J86,$D$15:$D$2015,"<"&J87)) | N86: =IF(M86="","",COUNTIFS($C$15:$C$2015,M$13,$D$15:$D$2015,">="&M86,$D$15:$D$2015,"<"&M87)) | Q86: =IF(P86="","",COUNTIFS($C$15:$C$2015,P$13,$D$15:$D$2015,">="&P86,$D$15:$D$2015,"<"&P87)) | T86: =IF(S86="","",COUNTIFS($C$15:$C$2015,S$13,$D$15:$D$2015,">="&S86,$D$15:$D$2015,"<"&S87)) | W86: =IF(V86="","",COUNTIFS($C$15:$C$2015,V$13,$D$15:$D$2015,">="&V86,$D$15:$D$2015,"<"&V87)) | Z86: =IF(Y86="","",COUNTIFS($C$15:$C$2015,Y$13,$D$15:$D$2015,">="&Y86,$D$15:$D$2015,"<"&Y87)) | AC86: =IF(AB86="","",COUNTIFS($C$15:$C$2015,AB$13,$D$15:$D$2015,">="&AB86,$D$15:$D$2015,"<"&AB87))
H87: =IF(G87="","",COUNTIFS($C$15:$C$2015,G$13,$D$15:$D$2015,">="&G87,$D$15:$D$2015,"<"&G88)) | K87: =IF(J87="","",COUNTIFS($C$15:$C$2015,J$13,$D$15:$D$2015,">="&J87,$D$15:$D$2015,"<"&J88)) | N87: =IF(M87="","",COUNTIFS($C$15:$C$2015,M$13,$D$15:$D$2015,">="&M87,$D$15:$D$2015,"<"&M88)) | Q87: =IF(P87="","",COUNTIFS($C$15:$C$2015,P$13,$D$15:$D$2015,">="&P87,$D$15:$D$2015,"<"&P88)) | T87: =IF(S87="","",COUNTIFS($C$15:$C$2015,S$13,$D$15:$D$2015,">="&S87,$D$15:$D$2015,"<"&S88)) | W87: =IF(V87="","",COUNTIFS($C$15:$C$2015,V$13,$D$15:$D$2015,">="&V87,$D$15:$D$2015,"<"&V88)) | Z87: =IF(Y87="","",COUNTIFS($C$15:$C$2015,Y$13,$D$15:$D$2015,">="&Y87,$D$15:$D$2015,"<"&Y88)) | AC87: =IF(AB87="","",COUNTIFS($C$15:$C$2015,AB$13,$D$15:$D$2015,">="&AB87,$D$15:$D$2015,"<"&AB88))
H88: =IF(G88="","",COUNTIFS($C$15:$C$2015,G$13,$D$15:$D$2015,">="&G88,$D$15:$D$2015,"<"&G89)) | K88: =IF(J88="","",COUNTIFS($C$15:$C$2015,J$13,$D$15:$D$2015,">="&J88,$D$15:$D$2015,"<"&J89)) | N88: =IF(M88="","",COUNTIFS($C$15:$C$2015,M$13,$D$15:$D$2015,">="&M88,$D$15:$D$2015,"<"&M89)) | Q88: =IF(P88="","",COUNTIFS($C$15:$C$2015,P$13,$D$15:$D$2015,">="&P88,$D$15:$D$2015,"<"&P89)) | T88: =IF(S88="","",COUNTIFS($C$15:$C$2015,S$13,$D$15:$D$2015,">="&S88,$D$15:$D$2015,"<"&S89)) | W88: =IF(V88="","",COUNTIFS($C$15:$C$2015,V$13,$D$15:$D$2015,">="&V88,$D$15:$D$2015,"<"&V89)) | Z88: =IF(Y88="","",COUNTIFS($C$15:$C$2015,Y$13,$D$15:$D$2015,">="&Y88,$D$15:$D$2015,"<"&Y89)) | AC88: =IF(AB88="","",COUNTIFS($C$15:$C$2015,AB$13,$D$15:$D$2015,">="&AB88,$D$15:$D$2015,"<"&AB89))
H89: =IF(G89="","",COUNTIFS($C$15:$C$2015,G$13,$D$15:$D$2015,">="&G89,$D$15:$D$2015,"<"&G90)) | K89: =IF(J89="","",COUNTIFS($C$15:$C$2015,J$13,$D$15:$D$2015,">="&J89,$D$15:$D$2015,"<"&J90)) | N89: =IF(M89="","",COUNTIFS($C$15:$C$2015,M$13,$D$15:$D$2015,">="&M89,$D$15:$D$2015,"<"&M90)) | Q89: =IF(P89="","",COUNTIFS($C$15:$C$2015,P$13,$D$15:$D$2015,">="&P89,$D$15:$D$2015,"<"&P90)) | T89: =IF(S89="","",COUNTIFS($C$15:$C$2015,S$13,$D$15:$D$2015,">="&S89,$D$15:$D$2015,"<"&S90)) | W89: =IF(V89="","",COUNTIFS($C$15:$C$2015,V$13,$D$15:$D$2015,">="&V89,$D$15:$D$2015,"<"&V90)) | Z89: =IF(Y89="","",COUNTIFS($C$15:$C$2015,Y$13,$D$15:$D$2015,">="&Y89,$D$15:$D$2015,"<"&Y90)) | AC89: =IF(AB89="","",COUNTIFS($C$15:$C$2015,AB$13,$D$15:$D$2015,">="&AB89,$D$15:$D$2015,"<"&AB90))
H90: =IF(G90="","",COUNTIFS($C$15:$C$2015,G$13,$D$15:$D$2015,">="&G90,$D$15:$D$2015,"<"&G91)) | K90: =IF(J90="","",COUNTIFS($C$15:$C$2015,J$13,$D$15:$D$2015,">="&J90,$D$15:$D$2015,"<"&J91)) | N90: =IF(M90="","",COUNTIFS($C$15:$C$2015,M$13,$D$15:$D$2015,">="&M90,$D$15:$D$2015,"<"&M91)) | Q90: =IF(P90="","",COUNTIFS($C$15:$C$2015,P$13,$D$15:$D$2015,">="&P90,$D$15:$D$2015,"<"&P91)) | T90: =IF(S90="","",COUNTIFS($C$15:$C$2015,S$13,$D$15:$D$2015,">="&S90,$D$15:$D$2015,"<"&S91)) | W90: =IF(V90="","",COUNTIFS($C$15:$C$2015,V$13,$D$15:$D$2015,">="&V90,$D$15:$D$2015,"<"&V91)) | Z90: =IF(Y90="","",COUNTIFS($C$15:$C$2015,Y$13,$D$15:$D$2015,">="&Y90,$D$15:$D$2015,"<"&Y91)) | AC90: =IF(AB90="","",COUNTIFS($C$15:$C$2015,AB$13,$D$15:$D$2015,">="&AB90,$D$15:$D$2015,"<"&AB91))
H91: =IF(G91="","",COUNTIFS($C$15:$C$2015,G$13,$D$15:$D$2015,">="&G91,$D$15:$D$2015,"<"&G92)) | K91: =IF(J91="","",COUNTIFS($C$15:$C$2015,J$13,$D$15:$D$2015,">="&J91,$D$15:$D$2015,"<"&J92)) | N91: =IF(M91="","",COUNTIFS($C$15:$C$2015,M$13,$D$15:$D$2015,">="&M91,$D$15:$D$2015,"<"&M92)) | Q91: =IF(P91="","",COUNTIFS($C$15:$C$2015,P$13,$D$15:$D$2015,">="&P91,$D$15:$D$2015,"<"&P92)) | T91: =IF(S91="","",COUNTIFS($C$15:$C$2015,S$13,$D$15:$D$2015,">="&S91,$D$15:$D$2015,"<"&S92)) | W91: =IF(V91="","",COUNTIFS($C$15:$C$2015,V$13,$D$15:$D$2015,">="&V91,$D$15:$D$2015,"<"&V92)) | Z91: =IF(Y91="","",COUNTIFS($C$15:$C$2015,Y$13,$D$15:$D$2015,">="&Y91,$D$15:$D$2015,"<"&Y92)) | AC91: =IF(AB91="","",COUNTIFS($C$15:$C$2015,AB$13,$D$15:$D$2015,">="&AB91,$D$15:$D$2015,"<"&AB92))
H92: =IF(G92="","",COUNTIFS($C$15:$C$2015,G$13,$D$15:$D$2015,">="&G92,$D$15:$D$2015,"<"&G93)) | K92: =IF(J92="","",COUNTIFS($C$15:$C$2015,J$13,$D$15:$D$2015,">="&J92,$D$15:$D$2015,"<"&J93)) | N92: =IF(M92="","",COUNTIFS($C$15:$C$2015,M$13,$D$15:$D$2015,">="&M92,$D$15:$D$2015,"<"&M93)) | Q92: =IF(P92="","",COUNTIFS($C$15:$C$2015,P$13,$D$15:$D$2015,">="&P92,$D$15:$D$2015,"<"&P93)) | T92: =IF(S92="","",COUNTIFS($C$15:$C$2015,S$13,$D$15:$D$2015,">="&S92,$D$15:$D$2015,"<"&S93)) | W92: =IF(V92="","",COUNTIFS($C$15:$C$2015,V$13,$D$15:$D$2015,">="&V92,$D$15:$D$2015,"<"&V93)) | Z92: =IF(Y92="","",COUNTIFS($C$15:$C$2015,Y$13,$D$15:$D$2015,">="&Y92,$D$15:$D$2015,"<"&Y93)) | AC92: =IF(AB92="","",COUNTIFS($C$15:$C$2015,AB$13,$D$15:$D$2015,">="&AB92,$D$15:$D$2015,"<"&AB93))
H93: =IF(G93="","",COUNTIFS($C$15:$C$2015,G$13,$D$15:$D$2015,">="&G93,$D$15:$D$2015,"<"&G94)) | K93: =IF(J93="","",COUNTIFS($C$15:$C$2015,J$13,$D$15:$D$2015,">="&J93,$D$15:$D$2015,"<"&J94)) | N93: =IF(M93="","",COUNTIFS($C$15:$C$2015,M$13,$D$15:$D$2015,">="&M93,$D$15:$D$2015,"<"&M94)) | Q93: =IF(P93="","",COUNTIFS($C$15:$C$2015,P$13,$D$15:$D$2015,">="&P93,$D$15:$D$2015,"<"&P94)) | T93: =IF(S93="","",COUNTIFS($C$15:$C$2015,S$13,$D$15:$D$2015,">="&S93,$D$15:$D$2015,"<"&S94)) | W93: =IF(V93="","",COUNTIFS($C$15:$C$2015,V$13,$D$15:$D$2015,">="&V93,$D$15:$D$2015,"<"&V94)) | Z93: =IF(Y93="","",COUNTIFS($C$15:$C$2015,Y$13,$D$15:$D$2015,">="&Y93,$D$15:$D$2015,"<"&Y94)) | AC93: =IF(AB93="","",COUNTIFS($C$15:$C$2015,AB$13,$D$15:$D$2015,">="&AB93,$D$15:$D$2015,"<"&AB94))
H94: =IF(G94="","",COUNTIFS($C$15:$C$2015,G$13,$D$15:$D$2015,">="&G94,$D$15:$D$2015,"<"&G95)) | K94: =IF(J94="","",COUNTIFS($C$15:$C$2015,J$13,$D$15:$D$2015,">="&J94,$D$15:$D$2015,"<"&J95)) | N94: =IF(M94="","",COUNTIFS($C$15:$C$2015,M$13,$D$15:$D$2015,">="&M94,$D$15:$D$2015,"<"&M95)) | Q94: =IF(P94="","",COUNTIFS($C$15:$C$2015,P$13,$D$15:$D$2015,">="&P94,$D$15:$D$2015,"<"&P95)) | T94: =IF(S94="","",COUNTIFS($C$15:$C$2015,S$13,$D$15:$D$2015,">="&S94,$D$15:$D$2015,"<"&S95)) | W94: =IF(V94="","",COUNTIFS($C$15:$C$2015,V$13,$D$15:$D$2015,">="&V94,$D$15:$D$2015,"<"&V95)) | Z94: =IF(Y94="","",COUNTIFS($C$15:$C$2015,Y$13,$D$15:$D$2015,">="&Y94,$D$15:$D$2015,"<"&Y95)) | AC94: =IF(AB94="","",COUNTIFS($C$15:$C$2015,AB$13,$D$15:$D$2015,">="&AB94,$D$15:$D$2015,"<"&AB95))
H95: =IF(G95="","",COUNTIFS($C$15:$C$2015,G$13,$D$15:$D$2015,">="&G95,$D$15:$D$2015,"<"&G96)) | K95: =IF(J95="","",COUNTIFS($C$15:$C$2015,J$13,$D$15:$D$2015,">="&J95,$D$15:$D$2015,"<"&J96)) | N95: =IF(M95="","",COUNTIFS($C$15:$C$2015,M$13,$D$15:$D$2015,">="&M95,$D$15:$D$2015,"<"&M96)) | Q95: =IF(P95="","",COUNTIFS($C$15:$C$2015,P$13,$D$15:$D$2015,">="&P95,$D$15:$D$2015,"<"&P96)) | T95: =IF(S95="","",COUNTIFS($C$15:$C$2015,S$13,$D$15:$D$2015,">="&S95,$D$15:$D$2015,"<"&S96)) | W95: =IF(V95="","",COUNTIFS($C$15:$C$2015,V$13,$D$15:$D$2015,">="&V95,$D$15:$D$2015,"<"&V96)) | Z95: =IF(Y95="","",COUNTIFS($C$15:$C$2015,Y$13,$D$15:$D$2015,">="&Y95,$D$15:$D$2015,"<"&Y96)) | AC95: =IF(AB95="","",COUNTIFS($C$15:$C$2015,AB$13,$D$15:$D$2015,">="&AB95,$D$15:$D$2015,"<"&AB96))
H96: =IF(G96="","",COUNTIFS($C$15:$C$2015,G$13,$D$15:$D$2015,">="&G96,$D$15:$D$2015,"<"&G97)) | K96: =IF(J96="","",COUNTIFS($C$15:$C$2015,J$13,$D$15:$D$2015,">="&J96,$D$15:$D$2015,"<"&J97)) | N96: =IF(M96="","",COUNTIFS($C$15:$C$2015,M$13,$D$15:$D$2015,">="&M96,$D$15:$D$2015,"<"&M97)) | Q96: =IF(P96="","",COUNTIFS($C$15:$C$2015,P$13,$D$15:$D$2015,">="&P96,$D$15:$D$2015,"<"&P97)) | T96: =IF(S96="","",COUNTIFS($C$15:$C$2015,S$13,$D$15:$D$2015,">="&S96,$D$15:$D$2015,"<"&S97)) | W96: =IF(V96="","",COUNTIFS($C$15:$C$2015,V$13,$D$15:$D$2015,">="&V96,$D$15:$D$2015,"<"&V97)) | Z96: =IF(Y96="","",COUNTIFS($C$15:$C$2015,Y$13,$D$15:$D$2015,">="&Y96,$D$15:$D$2015,"<"&Y97)) | AC96: =IF(AB96="","",COUNTIFS($C$15:$C$2015,AB$13,$D$15:$D$2015,">="&AB96,$D$15:$D$2015,"<"&AB97))
H97: =IF(G97="","",COUNTIFS($C$15:$C$2015,G$13,$D$15:$D$2015,">="&G97,$D$15:$D$2015,"<"&G98)) | K97: =IF(J97="","",COUNTIFS($C$15:$C$2015,J$13,$D$15:$D$2015,">="&J97,$D$15:$D$2015,"<"&J98)) | N97: =IF(M97="","",COUNTIFS($C$15:$C$2015,M$13,$D$15:$D$2015,">="&M97,$D$15:$D$2015,"<"&M98)) | Q97: =IF(P97="","",COUNTIFS($C$15:$C$2015,P$13,$D$15:$D$2015,">="&P97,$D$15:$D$2015,"<"&P98)) | T97: =IF(S97="","",COUNTIFS($C$15:$C$2015,S$13,$D$15:$D$2015,">="&S97,$D$15:$D$2015,"<"&S98)) | W97: =IF(V97="","",COUNTIFS($C$15:$C$2015,V$13,$D$15:$D$2015,">="&V97,$D$15:$D$2015,"<"&V98)) | Z97: =IF(Y97="","",COUNTIFS($C$15:$C$2015,Y$13,$D$15:$D$2015,">="&Y97,$D$15:$D$2015,"<"&Y98)) | AC97: =IF(AB97="","",COUNTIFS($C$15:$C$2015,AB$13,$D$15:$D$2015,">="&AB97,$D$15:$D$2015,"<"&AB98))
H98: =IF(G98="","",COUNTIFS($C$15:$C$2015,G$13,$D$15:$D$2015,">="&G98,$D$15:$D$2015,"<"&G99)) | K98: =IF(J98="","",COUNTIFS($C$15:$C$2015,J$13,$D$15:$D$2015,">="&J98,$D$15:$D$2015,"<"&J99)) | N98: =IF(M98="","",COUNTIFS($C$15:$C$2015,M$13,$D$15:$D$2015,">="&M98,$D$15:$D$2015,"<"&M99)) | Q98: =IF(P98="","",COUNTIFS($C$15:$C$2015,P$13,$D$15:$D$2015,">="&P98,$D$15:$D$2015,"<"&P99)) | T98: =IF(S98="","",COUNTIFS($C$15:$C$2015,S$13,$D$15:$D$2015,">="&S98,$D$15:$D$2015,"<"&S99)) | W98: =IF(V98="","",COUNTIFS($C$15:$C$2015,V$13,$D$15:$D$2015,">="&V98,$D$15:$D$2015,"<"&V99)) | Z98: =IF(Y98="","",COUNTIFS($C$15:$C$2015,Y$13,$D$15:$D$2015,">="&Y98,$D$15:$D$2015,"<"&Y99)) | AC98: =IF(AB98="","",COUNTIFS($C$15:$C$2015,AB$13,$D$15:$D$2015,">="&AB98,$D$15:$D$2015,"<"&AB99))
... H264: =IF(G264="","",COUNTIFS($C$15:$C$2015,G$13,$D$15:$D$2015,">="&G264,$D$15:$D$2015,"<"&G265)) | K264: =IF(J264="","",COUNTIFS($C$15:$C$2015,J$13,$D$15:$D$2015,">="&J264,$D$15:$D$2015,"<"&J265)) | N264: =IF(M264="","",COUNTIFS($C$15:$C$2015,M$13,$D$15:$D$2015,">="&M264,$D$15:$D$2015,"<"&M265)) | Q264: =IF(P264="","",COUNTIFS($C$15:$C$2015,P$13,$D$15:$D$2015,">="&P264,$D$15:$D$2015,"<"&P265)) | T264: =IF(S264="","",COUNTIFS($C$15:$C$2015,S$13,$D$15:$D$2015,">="&S264,$D$15:$D$2015,"<"&S265)) | W264: =IF(V264="","",COUNTIFS($C$15:$C$2015,V$13,$D$15:$D$2015,">="&V264,$D$15:$D$2015,"<"&V265)) | Z264: =IF(Y264="","",COUNTIFS($C$15:$C$2015,Y$13,$D$15:$D$2015,">="&Y264,$D$15:$D$2015,"<"&Y265)) | AC264: =IF(AB264="","",COUNTIFS($C$15:$C$2015,AB$13,$D$15:$D$2015,">="&AB264,$D$15:$D$2015,"<"&AB265))

Sheet M-02
G1: =FAO!B1&" max =" | H1: =+FAO!B10 | J1: =FAO!E1&" max =" | K1: =+FAO!E10 | M1: =FAO!H1&" max =" | N1: =+FAO!H10 | P1: =FAO!K1&" max =" | Q1: =+FAO!K10 | S1: =FAO!N1&" max =" | T1: =+FAO!N10 | V1: =FAO!Q1&" max =" | W1: =+FAO!Q10 | Y1: =FAO!T1&" max =" | Z1: =+FAO!T10 | AB1: =FAO!W1&" max =" | AC1: =+FAO!W10
G2: obs n = | H2: =COUNTIF($C$18:$C$1003,G13) | J2: obs n = | K2: =COUNTIF($C$18:$C$1003,J13) | M2: obs n = | N2: =COUNTIF($C$18:$C$1003,M13) | P2: obs n = | Q2: =COUNTIF($C$18:$C$1003,P13) | S2: obs n = | T2: =COUNTIF($C$18:$C$1003,S13) | V2: obs n = | W2: =COUNTIF($C$18:$C$1003,V13) | Y2: obs n = | Z2: =COUNTIF($C$18:$C$1003,Y13) | AB2: obs n = | AC2: =COUNTIF($C$18:$C$1003,AB13)
G3: freq n= | H3: =+SUM(H15:H1003) | J3: freq n= | K3: =+SUM(K15:K1003) | M3: freq n= | N3: =+SUM(N15:N1003) | P3: freq n= | Q3: =+SUM(Q15:Q1003) | S3: freq n= | T3: =+SUM(T15:T1003) | V3: freq n= | W3: =+SUM(W15:W1003) | Y3: freq n= | Z3: =+SUM(Z15:Z1003) | AB3: freq n= | AC3: =+SUM(AC15:AC1003)
G4: first bin = | H4: 10 | J4: first bin = | K4: 10 | M4: first bin = | N4: 10 | P4: first bin = | Q4: 10 | S4: first bin = | T4: 10 | V4: first bin = | W4: 10 | Y4: first bin = | Z4: 10 | AB4: first bin = | AC4: 10
G5: increment = | H5: =+FAO!B14 | J5: increment = | K5: =+FAO!E14 | M5: increment = | N5: =+FAO!H14 | P5: increment = | Q5: =+FAO!K14 | S5: increment = | T5: =+FAO!N14 | V5: increment = | W5: =+FAO!Q14 | Y5: increment = | Z5: =+FAO!T14 | AB5: increment = | AC5: =+FAO!W14
G6: Complete = | H6: =COUNTIFS($C$18:$C$2015,G$13,$D$18:$D$2015,">5")/COUNTIF($C$18:$C$2015,G$13)*100 | J6: Complete = | K6: =COUNTIFS($C$18:$C$2015,J$13,$D$18:$D$2015,">5")/COUNTIF($C$18:$C$2015,J$13)*100 | M6: Complete = | N6: =COUNTIFS($C$18:$C$2015,M$13,$D$18:$D$2015,">5")/COUNTIF($C$18:$C$2015,M$13)*100 | P6: Complete = | Q6: =COUNTIFS($C$18:$C$2015,P$13,$D$18:$D$2015,">5")/COUNTIF($C$18:$C$2015,P$13)*100 | S6: Complete = | T6: =COUNTIFS($C$18:$C$2015,S$13,$D$18:$D$2015,">5")/COUNTIF($C$18:$C$2015,S$13)*100 | V6: Complete = | W6: =COUNTIFS($C$18:$C$2015,V$13,$D$18:$D$2015,">5")/COUNTIF($C$18:$C$2015,V$13)*100 | Y6: Complete = | Z6: =COUNTIFS($C$18:$C$2015,Y$13,$D$18:$D$2015,">5")/COUNTIF($C$18:$C$2015,Y$13)*100 | AB6: Complete = | AC6: =COUNTIFS($C$18:$C$2015,AB$13,$D$18:$D$2015,">5")/COUNTIF($C$18:$C$2015,AB$13)*100
G7: L50 (cm) = | H7: =+FAO!B11 | J7: L50 (cm) = | K7: =+FAO!E11 | M7: L50 (cm) = | N7: =+FAO!H11 | P7: L50 (cm) = | Q7: =+FAO!K11 | S7: L50 (cm) = | T7: =+FAO!N11 | V7: L50 (cm) = | W7: =+FAO!Q11 | Y7: L50 (cm) = | Z7: =+FAO!T11 | AB7: L50 (cm) = | AC7: =+FAO!W11
G8: Juven. (%) = | H8: =+ROUND(COUNTIFS($C$18:$C$2015,G$13,$D$18:$D$2015,"<"&H7)/COUNTIF($C$18:$C$2015,G$13)*100,0) | J8: Juven. (%) = | K8: =+ROUND(COUNTIFS($C$18:$C$2015,J$13,$D$18:$D$2015,"<"&K7)/COUNTIF($C$18:$C$2015,J$13)*100,0) | M8: Juven. (%) = | N8: =+ROUND(COUNTIFS($C$18:$C$2015,M$13,$D$18:$D$2015,"<"&N7)/COUNTIF($C$18:$C$2015,M$13)*100,0) | P8: Juven. (%) = | Q8: =+ROUND(COUNTIFS($C$18:$C$2015,P$13,$D$18:$D$2015,"<"&Q7)/COUNTIF($C$18:$C$2015,P$13)*100,0) | S8: Juven. (%) = | T8: =+ROUND(COUNTIFS($C$18:$C$2015,S$13,$D$18:$D$2015,"<"&T7)/COUNTIF($C$18:$C$2015,S$13)*100,0) | V8: Juven. (%) = | W8: =+ROUND(COUNTIFS($C$18:$C$2015,V$13,$D$18:$D$2015,"<"&W7)/COUNTIF($C$18:$C$2015,V$13)*100,0) | Y8: Juven. (%) = | Z8: =+ROUND(COUNTIFS($C$18:$C$2015,Y$13,$D$18:$D$2015,"<"&Z7)/COUNTIF($C$18:$C$2015,Y$13)*100,0) | AB8: Juven. (%) = | AC8: =+ROUND(COUNTIFS($C$18:$C$2015,AB$13,$D$18:$D$2015,"<"&AC7)/COUNTIF($C$18:$C$2015,AB$13)*100,0)
G9: =+FAO!B6 | J9: =+FAO!E6 | M9: =+FAO!H6 | P9: =+FAO!K6 | S9: =+FAO!N6 | V9: =+FAO!Q6 | Y9: =+FAO!T6 | AB9: =+FAO!W6
G10: =+FAO!B7 | J10: =+FAO!E7 | M10: =+FAO!H7 | P10: =+FAO!K7 | S10: =+FAO!N7 | V10: =+FAO!Q7 | Y10: =+FAO!T7 | AB10: =+FAO!W7
G11: =+FAO!B9 | J11: =+FAO!E9 | M11: =+FAO!H9 | P11: =+FAO!K9 | S11: =+FAO!N9 | V11: =+FAO!Q9 | Y11: =+FAO!T9 | AB11: =+FAO!W9
G12: =+FAO!B5 | J12: =+FAO!E5 | M12: =+FAO!H5 | P12: =+FAO!K5 | S12: =+FAO!N5 | V12: =+FAO!Q5 | Y12: =+FAO!T5 | AB12: =+FAO!W5
D13: #VALUE! | E13: =COUNTA(C15:C1003) | G13: =+FAO!B1 | H13: =+FAO!B3 | J13: =+FAO!E1 | K13: =+FAO!E3 | M13: =+FAO!H1 | N13: =+FAO!H3 | P13: =+FAO!K1 | Q13: =+FAO!K3 | S13: =+FAO!N1 | T13: =+FAO!N3 | V13: =+FAO!Q1 | W13: =+FAO!Q3 | Y13: =+FAO!T1 | Z13: =+FAO!T3 | AB13: =+FAO!W1 | AC13: =+FAO!W3
A14: TRIP | B14: DATE | C14: FAO | D14: OBS | E14: ID | G14: ="LC-"&G13 | H14: ="FQ-"&G13 | J14: ="LC-"&J13 | K14: ="FQ-"&J13 | M14: ="LC-"&M13 | N14: ="FQ-"&M13 | P14: ="LC-"&P13 | Q14: ="FQ-"&P13 | S14: ="LC-"&S13 | T14: ="FQ-"&S13 | V14: ="LC-"&V13 | W14: ="FQ-"&V13 | Y14: ="LC-"&Y13 | Z14: ="FQ-"&Y13 | AB14: ="LC-"&AB13 | AC14: ="FQ-"&AB13
E15: {=+_xlfn.SEQUENCE(E13,1,1)} | G15: {=_xlfn.SEQUENCE(((H1-H4)/H5)+1, 1, H4, H5)} | H15: =IF(G15="","",COUNTIFS($C$18:$C$2015,G$13,$D$18:$D$2015,">="&G15,$D$18:$D$2015,"<"&G16)) | J15: {=_xlfn.SEQUENCE(((K1-K4)/K5)+1, 1, K4, K5)} | K15: =IF(J15="","",COUNTIFS($C$18:$C$2015,J$13,$D$18:$D$2015,">="&J15,$D$18:$D$2015,"<"&J16)) | M15: {=_xlfn.SEQUENCE(((N1-N4)/N5)+1, 1, N4, N5)} | N15: =IF(M15="","",COUNTIFS($C$18:$C$2015,M$13,$D$18:$D$2015,">="&M15,$D$18:$D$2015,"<"&M16)) | P15: {=_xlfn.SEQUENCE(((Q1-Q4)/Q5)+1, 1, Q4, Q5)} | Q15: =IF(P15="","",COUNTIFS($C$18:$C$2015,P$13,$D$18:$D$2015,">="&P15,$D$18:$D$2015,"<"&P16)) | S15: {=_xlfn.SEQUENCE(((T1-T4)/T5)+1, 1, T4, T5)} | T15: =IF(S15="","",COUNTIFS($C$18:$C$2015,S$13,$D$18:$D$2015,">="&S15,$D$18:$D$2015,"<"&S16)) | V15: {=_xlfn.SEQUENCE(((W1-W4)/W5)+1, 1, W4, W5)} | W15: =IF(V15="","",COUNTIFS($C$18:$C$2015,V$13,$D$18:$D$2015,">="&V15,$D$18:$D$2015,"<"&V16)) | Y15: {=_xlfn.SEQUENCE(((Z1-Z4)/Z5)+1, 1, Z4, Z5)} | Z15: =IF(Y15="","",COUNTIFS($C$18:$C$2015,Y$13,$D$18:$D$2015,">="&Y15,$D$18:$D$2015,"<"&Y16)) | AB15: {=_xlfn.SEQUENCE(((AC1-AC4)/AC5)+1, 1, AC4, AC5)} | AC15: =IF(AB15="","",COUNTIFS($C$18:$C$2015,AB$13,$D$18:$D$2015,">="&AB15,$D$18:$D$2015,"<"&AB16))
G16: 11 | H16: =IF(G16="","",COUNTIFS($C$18:$C$2015,G$13,$D$18:$D$2015,">="&G16,$D$18:$D$2015,"<"&G17)) | J16: 15 | K16: =IF(J16="","",COUNTIFS($C$18:$C$2015,J$13,$D$18:$D$2015,">="&J16,$D$18:$D$2015,"<"&J17)) | M16: 12 | N16: =IF(M16="","",COUNTIFS($C$18:$C$2015,M$13,$D$18:$D$2015,">="&M16,$D$18:$D$2015,"<"&M17)) | P16: 11 | Q16: =IF(P16="","",COUNTIFS($C$18:$C$2015,P$13,$D$18:$D$2015,">="&P16,$D$18:$D$2015,"<"&P17)) | S16: 12 | T16: =IF(S16="","",COUNTIFS($C$18:$C$2015,S$13,$D$18:$D$2015,">="&S16,$D$18:$D$2015,"<"&S17)) | V16: 12 | W16: =IF(V16="","",COUNTIFS($C$18:$C$2015,V$13,$D$18:$D$2015,">="&V16,$D$18:$D$2015,"<"&V17)) | Y16: 12 | Z16: =IF(Y16="","",COUNTIFS($C$18:$C$2015,Y$13,$D$18:$D$2015,">="&Y16,$D$18:$D$2015,"<"&Y17)) | AB16: 11 | AC16: =IF(AB16="","",COUNTIFS($C$18:$C$2015,AB$13,$D$18:$D$2015,">="&AB16,$D$18:$D$2015,"<"&AB17))
G17: 12 | H17: =IF(G17="","",COUNTIFS($C$18:$C$2015,G$13,$D$18:$D$2015,">="&G17,$D$18:$D$2015,"<"&G18)) | J17: 20 | K17: =IF(J17="","",COUNTIFS($C$18:$C$2015,J$13,$D$18:$D$2015,">="&J17,$D$18:$D$2015,"<"&J18)) | M17: 14 | N17: =IF(M17="","",COUNTIFS($C$18:$C$2015,M$13,$D$18:$D$2015,">="&M17,$D$18:$D$2015,"<"&M18)) | P17: 12 | Q17: =IF(P17="","",COUNTIFS($C$18:$C$2015,P$13,$D$18:$D$2015,">="&P17,$D$18:$D$2015,"<"&P18)) | S17: 14 | T17: =IF(S17="","",COUNTIFS($C$18:$C$2015,S$13,$D$18:$D$2015,">="&S17,$D$18:$D$2015,"<"&S18)) | V17: 14 | W17: =IF(V17="","",COUNTIFS($C$18:$C$2015,V$13,$D$18:$D$2015,">="&V17,$D$18:$D$2015,"<"&V18)) | Y17: 14 | Z17: =IF(Y17="","",COUNTIFS($C$18:$C$2015,Y$13,$D$18:$D$2015,">="&Y17,$D$18:$D$2015,"<"&Y18)) | AB17: 12 | AC17: =IF(AB17="","",COUNTIFS($C$18:$C$2015,AB$13,$D$18:$D$2015,">="&AB17,$D$18:$D$2015,"<"&AB18))
G18: 13 | H18: =IF(G18="","",COUNTIFS($C$18:$C$2015,G$13,$D$18:$D$2015,">="&G18,$D$18:$D$2015,"<"&G19)) | J18: 25 | K18: =IF(J18="","",COUNTIFS($C$18:$C$2015,J$13,$D$18:$D$2015,">="&J18,$D$18:$D$2015,"<"&J19)) | M18: 16 | N18: =IF(M18="","",COUNTIFS($C$18:$C$2015,M$13,$D$18:$D$2015,">="&M18,$D$18:$D$2015,"<"&M19)) | P18: 13 | Q18: =IF(P18="","",COUNTIFS($C$18:$C$2015,P$13,$D$18:$D$2015,">="&P18,$D$18:$D$2015,"<"&P19)) | S18: 16 | T18: =IF(S18="","",COUNTIFS($C$18:$C$2015,S$13,$D$18:$D$2015,">="&S18,$D$18:$D$2015,"<"&S19)) | V18: 16 | W18: =IF(V18="","",COUNTIFS($C$18:$C$2015,V$13,$D$18:$D$2015,">="&V18,$D$18:$D$2015,"<"&V19)) | Y18: 16 | Z18: =IF(Y18="","",COUNTIFS($C$18:$C$2015,Y$13,$D$18:$D$2015,">="&Y18,$D$18:$D$2015,"<"&Y19)) | AB18: 13 | AC18: =IF(AB18="","",COUNTIFS($C$18:$C$2015,AB$13,$D$18:$D$2015,">="&AB18,$D$18:$D$2015,"<"&AB19))
G19: 14 | H19: =IF(G19="","",COUNTIFS($C$18:$C$2015,G$13,$D$18:$D$2015,">="&G19,$D$18:$D$2015,"<"&G20)) | J19: 30 | K19: =IF(J19="","",COUNTIFS($C$18:$C$2015,J$13,$D$18:$D$2015,">="&J19,$D$18:$D$2015,"<"&J20)) | M19: 18 | N19: =IF(M19="","",COUNTIFS($C$18:$C$2015,M$13,$D$18:$D$2015,">="&M19,$D$18:$D$2015,"<"&M20)) | P19: 14 | Q19: =IF(P19="","",COUNTIFS($C$18:$C$2015,P$13,$D$18:$D$2015,">="&P19,$D$18:$D$2015,"<"&P20)) | S19: 18 | T19: =IF(S19="","",COUNTIFS($C$18:$C$2015,S$13,$D$18:$D$2015,">="&S19,$D$18:$D$2015,"<"&S20)) | V19: 18 | W19: =IF(V19="","",COUNTIFS($C$18:$C$2015,V$13,$D$18:$D$2015,">="&V19,$D$18:$D$2015,"<"&V20)) | Y19: 18 | Z19: =IF(Y19="","",COUNTIFS($C$18:$C$2015,Y$13,$D$18:$D$2015,">="&Y19,$D$18:$D$2015,"<"&Y20)) | AB19: 14 | AC19: =IF(AB19="","",COUNTIFS($C$18:$C$2015,AB$13,$D$18:$D$2015,">="&AB19,$D$18:$D$2015,"<"&AB20))
G20: 15 | H20: =IF(G20="","",COUNTIFS($C$18:$C$2015,G$13,$D$18:$D$2015,">="&G20,$D$18:$D$2015,"<"&G21)) | J20: 35 | K20: =IF(J20="","",COUNTIFS($C$18:$C$2015,J$13,$D$18:$D$2015,">="&J20,$D$18:$D$2015,"<"&J21)) | M20: 20 | N20: =IF(M20="","",COUNTIFS($C$18:$C$2015,M$13,$D$18:$D$2015,">="&M20,$D$18:$D$2015,"<"&M21)) | P20: 15 | Q20: =IF(P20="","",COUNTIFS($C$18:$C$2015,P$13,$D$18:$D$2015,">="&P20,$D$18:$D$2015,"<"&P21)) | S20: 20 | T20: =IF(S20="","",COUNTIFS($C$18:$C$2015,S$13,$D$18:$D$2015,">="&S20,$D$18:$D$2015,"<"&S21)) | V20: 20 | W20: =IF(V20="","",COUNTIFS($C$18:$C$2015,V$13,$D$18:$D$2015,">="&V20,$D$18:$D$2015,"<"&V21)) | Y20: 20 | Z20: =IF(Y20="","",COUNTIFS($C$18:$C$2015,Y$13,$D$18:$D$2015,">="&Y20,$D$18:$D$2015,"<"&Y21)) | AB20: 15 | AC20: =IF(AB20="","",COUNTIFS($C$18:$C$2015,AB$13,$D$18:$D$2015,">="&AB20,$D$18:$D$2015,"<"&AB21))
G21: 16 | H21: =IF(G21="","",COUNTIFS($C$18:$C$2015,G$13,$D$18:$D$2015,">="&G21,$D$18:$D$2015,"<"&G22)) | J21: 40 | K21: =IF(J21="","",COUNTIFS($C$18:$C$2015,J$13,$D$18:$D$2015,">="&J21,$D$18:$D$2015,"<"&J22)) | M21: 22 | N21: =IF(M21="","",COUNTIFS($C$18:$C$2015,M$13,$D$18:$D$2015,">="&M21,$D$18:$D$2015,"<"&M22)) | P21: 16 | Q21: =IF(P21="","",COUNTIFS($C$18:$C$2015,P$13,$D$18:$D$2015,">="&P21,$D$18:$D$2015,"<"&P22)) | S21: 22 | T21: =IF(S21="","",COUNTIFS($C$18:$C$2015,S$13,$D$18:$D$2015,">="&S21,$D$18:$D$2015,"<"&S22)) | V21: 22 | W21: =IF(V21="","",COUNTIFS($C$18:$C$2015,V$13,$D$18:$D$2015,">="&V21,$D$18:$D$2015,"<"&V22)) | Y21: 22 | Z21: =IF(Y21="","",COUNTIFS($C$18:$C$2015,Y$13,$D$18:$D$2015,">="&Y21,$D$18:$D$2015,"<"&Y22)) | AB21: 16 | AC21: =IF(AB21="","",COUNTIFS($C$18:$C$2015,AB$13,$D$18:$D$2015,">="&AB21,$D$18:$D$2015,"<"&AB22))
G22: 17 | H22: =IF(G22="","",COUNTIFS($C$18:$C$2015,G$13,$D$18:$D$2015,">="&G22,$D$18:$D$2015,"<"&G23)) | J22: 45 | K22: =IF(J22="","",COUNTIFS($C$18:$C$2015,J$13,$D$18:$D$2015,">="&J22,$D$18:$D$2015,"<"&J23)) | M22: 24 | N22: =IF(M22="","",COUNTIFS($C$18:$C$2015,M$13,$D$18:$D$2015,">="&M22,$D$18:$D$2015,"<"&M23)) | P22: 17 | Q22: =IF(P22="","",COUNTIFS($C$18:$C$2015,P$13,$D$18:$D$2015,">="&P22,$D$18:$D$2015,"<"&P23)) | S22: 24 | T22: =IF(S22="","",COUNTIFS($C$18:$C$2015,S$13,$D$18:$D$2015,">="&S22,$D$18:$D$2015,"<"&S23)) | V22: 24 | W22: =IF(V22="","",COUNTIFS($C$18:$C$2015,V$13,$D$18:$D$2015,">="&V22,$D$18:$D$2015,"<"&V23)) | Y22: 24 | Z22: =IF(Y22="","",COUNTIFS($C$18:$C$2015,Y$13,$D$18:$D$2015,">="&Y22,$D$18:$D$2015,"<"&Y23)) | AB22: 17 | AC22: =IF(AB22="","",COUNTIFS($C$18:$C$2015,AB$13,$D$18:$D$2015,">="&AB22,$D$18:$D$2015,"<"&AB23))
G23: 18 | H23: =IF(G23="","",COUNTIFS($C$18:$C$2015,G$13,$D$18:$D$2015,">="&G23,$D$18:$D$2015,"<"&G24)) | J23: 50 | K23: =IF(J23="","",COUNTIFS($C$18:$C$2015,J$13,$D$18:$D$2015,">="&J23,$D$18:$D$2015,"<"&J24)) | M23: 26 | N23: =IF(M23="","",COUNTIFS($C$18:$C$2015,M$13,$D$18:$D$2015,">="&M23,$D$18:$D$2015,"<"&M24)) | P23: 18 | Q23: =IF(P23="","",COUNTIFS($C$18:$C$2015,P$13,$D$18:$D$2015,">="&P23,$D$18:$D$2015,"<"&P24)) | S23: 26 | T23: =IF(S23="","",COUNTIFS($C$18:$C$2015,S$13,$D$18:$D$2015,">="&S23,$D$18:$D$2015,"<"&S24)) | V23: 26 | W23: =IF(V23="","",COUNTIFS($C$18:$C$2015,V$13,$D$18:$D$2015,">="&V23,$D$18:$D$2015,"<"&V24)) | Y23: 26 | Z23: =IF(Y23="","",COUNTIFS($C$18:$C$2015,Y$13,$D$18:$D$2015,">="&Y23,$D$18:$D$2015,"<"&Y24)) | AB23: 18 | AC23: =IF(AB23="","",COUNTIFS($C$18:$C$2015,AB$13,$D$18:$D$2015,">="&AB23,$D$18:$D$2015,"<"&AB24))
G24: 19 | H24: =IF(G24="","",COUNTIFS($C$18:$C$2015,G$13,$D$18:$D$2015,">="&G24,$D$18:$D$2015,"<"&G25)) | J24: 55 | K24: =IF(J24="","",COUNTIFS($C$18:$C$2015,J$13,$D$18:$D$2015,">="&J24,$D$18:$D$2015,"<"&J25)) | M24: 28 | N24: =IF(M24="","",COUNTIFS($C$18:$C$2015,M$13,$D$18:$D$2015,">="&M24,$D$18:$D$2015,"<"&M25)) | P24: 19 | Q24: =IF(P24="","",COUNTIFS($C$18:$C$2015,P$13,$D$18:$D$2015,">="&P24,$D$18:$D$2015,"<"&P25)) | S24: 28 | T24: =IF(S24="","",COUNTIFS($C$18:$C$2015,S$13,$D$18:$D$2015,">="&S24,$D$18:$D$2015,"<"&S25)) | V24: 28 | W24: =IF(V24="","",COUNTIFS($C$18:$C$2015,V$13,$D$18:$D$2015,">="&V24,$D$18:$D$2015,"<"&V25)) | Y24: 28 | Z24: =IF(Y24="","",COUNTIFS($C$18:$C$2015,Y$13,$D$18:$D$2015,">="&Y24,$D$18:$D$2015,"<"&Y25)) | AB24: 19 | AC24: =IF(AB24="","",COUNTIFS($C$18:$C$2015,AB$13,$D$18:$D$2015,">="&AB24,$D$18:$D$2015,"<"&AB25))
G25: 20 | H25: =IF(G25="","",COUNTIFS($C$18:$C$2015,G$13,$D$18:$D$2015,">="&G25,$D$18:$D$2015,"<"&G26)) | J25: 60 | K25: =IF(J25="","",COUNTIFS($C$18:$C$2015,J$13,$D$18:$D$2015,">="&J25,$D$18:$D$2015,"<"&J26)) | M25: 30 | N25: =IF(M25="","",COUNTIFS($C$18:$C$2015,M$13,$D$18:$D$2015,">="&M25,$D$18:$D$2015,"<"&M26)) | P25: 20 | Q25: =IF(P25="","",COUNTIFS($C$18:$C$2015,P$13,$D$18:$D$2015,">="&P25,$D$18:$D$2015,"<"&P26)) | S25: 30 | T25: =IF(S25="","",COUNTIFS($C$18:$C$2015,S$13,$D$18:$D$2015,">="&S25,$D$18:$D$2015,"<"&S26)) | V25: 30 | W25: =IF(V25="","",COUNTIFS($C$18:$C$2015,V$13,$D$18:$D$2015,">="&V25,$D$18:$D$2015,"<"&V26)) | Y25: 30 | Z25: =IF(Y25="","",COUNTIFS($C$18:$C$2015,Y$13,$D$18:$D$2015,">="&Y25,$D$18:$D$2015,"<"&Y26)) | AB25: 20 | AC25: =IF(AB25="","",COUNTIFS($C$18:$C$2015,AB$13,$D$18:$D$2015,">="&AB25,$D$18:$D$2015,"<"&AB26))
G26: 21 | H26: =IF(G26="","",COUNTIFS($C$18:$C$2015,G$13,$D$18:$D$2015,">="&G26,$D$18:$D$2015,"<"&G27)) | J26: 65 | K26: =IF(J26="","",COUNTIFS($C$18:$C$2015,J$13,$D$18:$D$2015,">="&J26,$D$18:$D$2015,"<"&J27)) | M26: 32 | N26: =IF(M26="","",COUNTIFS($C$18:$C$2015,M$13,$D$18:$D$2015,">="&M26,$D$18:$D$2015,"<"&M27)) | P26: 21 | Q26: =IF(P26="","",COUNTIFS($C$18:$C$2015,P$13,$D$18:$D$2015,">="&P26,$D$18:$D$2015,"<"&P27)) | S26: 32 | T26: =IF(S26="","",COUNTIFS($C$18:$C$2015,S$13,$D$18:$D$2015,">="&S26,$D$18:$D$2015,"<"&S27)) | V26: 32 | W26: =IF(V26="","",COUNTIFS($C$18:$C$2015,V$13,$D$18:$D$2015,">="&V26,$D$18:$D$2015,"<"&V27)) | Y26: 32 | Z26: =IF(Y26="","",COUNTIFS($C$18:$C$2015,Y$13,$D$18:$D$2015,">="&Y26,$D$18:$D$2015,"<"&Y27)) | AB26: 21 | AC26: =IF(AB26="","",COUNTIFS($C$18:$C$2015,AB$13,$D$18:$D$2015,">="&AB26,$D$18:$D$2015,"<"&AB27))
G27: 22 | H27: =IF(G27="","",COUNTIFS($C$18:$C$2015,G$13,$D$18:$D$2015,">="&G27,$D$18:$D$2015,"<"&G28)) | J27: 70 | K27: =IF(J27="","",COUNTIFS($C$18:$C$2015,J$13,$D$18:$D$2015,">="&J27,$D$18:$D$2015,"<"&J28)) | M27: 34 | N27: =IF(M27="","",COUNTIFS($C$18:$C$2015,M$13,$D$18:$D$2015,">="&M27,$D$18:$D$2015,"<"&M28)) | P27: 22 | Q27: =IF(P27="","",COUNTIFS($C$18:$C$2015,P$13,$D$18:$D$2015,">="&P27,$D$18:$D$2015,"<"&P28)) | S27: 34 | T27: =IF(S27="","",COUNTIFS($C$18:$C$2015,S$13,$D$18:$D$2015,">="&S27,$D$18:$D$2015,"<"&S28)) | V27: 34 | W27: =IF(V27="","",COUNTIFS($C$18:$C$2015,V$13,$D$18:$D$2015,">="&V27,$D$18:$D$2015,"<"&V28)) | Y27: 34 | Z27: =IF(Y27="","",COUNTIFS($C$18:$C$2015,Y$13,$D$18:$D$2015,">="&Y27,$D$18:$D$2015,"<"&Y28)) | AB27: 22 | AC27: =IF(AB27="","",COUNTIFS($C$18:$C$2015,AB$13,$D$18:$D$2015,">="&AB27,$D$18:$D$2015,"<"&AB28))
... G43: 38 | H43: =IF(G43="","",COUNTIFS($C$18:$C$2015,G$13,$D$18:$D$2015,">="&G43,$D$18:$D$2015,"<"&G44)) | J43: 150 | K43: =IF(J43="","",COUNTIFS($C$18:$C$2015,J$13,$D$18:$D$2015,">="&J43,$D$18:$D$2015,"<"&J44)) | M43: 66 | N43: =IF(M43="","",COUNTIFS($C$18:$C$2015,M$13,$D$18:$D$2015,">="&M43,$D$18:$D$2015,"<"&M44)) | P43: 38 | Q43: =IF(P43="","",COUNTIFS($C$18:$C$2015,P$13,$D$18:$D$2015,">="&P43,$D$18:$D$2015,"<"&P44)) | S43: 66 | T43: =IF(S43="","",COUNTIFS($C$18:$C$2015,S$13,$D$18:$D$2015,">="&S43,$D$18:$D$2015,"<"&S44)) | V43: 66 | W43: =IF(V43="","",COUNTIFS($C$18:$C$2015,V$13,$D$18:$D$2015,">="&V43,$D$18:$D$2015,"<"&V44)) | Y43: 66 | Z43: =IF(Y43="","",COUNTIFS($C$18:$C$2015,Y$13,$D$18:$D$2015,">="&Y43,$D$18:$D$2015,"<"&Y44)) | AB43: 38 | AC43: =IF(AB43="","",COUNTIFS($C$18:$C$2015,AB$13,$D$18:$D$2015,">="&AB43,$D$18:$D$2015,"<"&AB44))
G44: 39 | H44: =IF(G44="","",COUNTIFS($C$18:$C$2015,G$13,$D$18:$D$2015,">="&G44,$D$18:$D$2015,"<"&G45)) | K44: =IF(J44="","",COUNTIFS($C$18:$C$2015,J$13,$D$18:$D$2015,">="&J44,$D$18:$D$2015,"<"&J45)) | M44: 68 | N44: =IF(M44="","",COUNTIFS($C$18:$C$2015,M$13,$D$18:$D$2015,">="&M44,$D$18:$D$2015,"<"&M45)) | P44: 39 | Q44: =IF(P44="","",COUNTIFS($C$18:$C$2015,P$13,$D$18:$D$2015,">="&P44,$D$18:$D$2015,"<"&P45)) | S44: 68 | T44: =IF(S44="","",COUNTIFS($C$18:$C$2015,S$13,$D$18:$D$2015,">="&S44,$D$18:$D$2015,"<"&S45)) | V44: 68 | W44: =IF(V44="","",COUNTIFS($C$18:$C$2015,V$13,$D$18:$D$2015,">="&V44,$D$18:$D$2015,"<"&V45)) | Y44: 68 | Z44: =IF(Y44="","",COUNTIFS($C$18:$C$2015,Y$13,$D$18:$D$2015,">="&Y44,$D$18:$D$2015,"<"&Y45)) | AB44: 39 | AC44: =IF(AB44="","",COUNTIFS($C$18:$C$2015,AB$13,$D$18:$D$2015,">="&AB44,$D$18:$D$2015,"<"&AB45))
G45: 40 | H45: =IF(G45="","",COUNTIFS($C$18:$C$2015,G$13,$D$18:$D$2015,">="&G45,$D$18:$D$2015,"<"&G46)) | K45: =IF(J45="","",COUNTIFS($C$18:$C$2015,J$13,$D$18:$D$2015,">="&J45,$D$18:$D$2015,"<"&J46)) | M45: 70 | N45: =IF(M45="","",COUNTIFS($C$18:$C$2015,M$13,$D$18:$D$2015,">="&M45,$D$18:$D$2015,"<"&M46)) | P45: 40 | Q45: =IF(P45="","",COUNTIFS($C$18:$C$2015,P$13,$D$18:$D$2015,">="&P45,$D$18:$D$2015,"<"&P46)) | S45: 70 | T45: =IF(S45="","",COUNTIFS($C$18:$C$2015,S$13,$D$18:$D$2015,">="&S45,$D$18:$D$2015,"<"&S46)) | V45: 70 | W45: =IF(V45="","",COUNTIFS($C$18:$C$2015,V$13,$D$18:$D$2015,">="&V45,$D$18:$D$2015,"<"&V46)) | Y45: 70 | Z45: =IF(Y45="","",COUNTIFS($C$18:$C$2015,Y$13,$D$18:$D$2015,">="&Y45,$D$18:$D$2015,"<"&Y46)) | AB45: 40 | AC45: =IF(AB45="","",COUNTIFS($C$18:$C$2015,AB$13,$D$18:$D$2015,">="&AB45,$D$18:$D$2015,"<"&AB46))
G46: 41 | H46: =IF(G46="","",COUNTIFS($C$18:$C$2015,G$13,$D$18:$D$2015,">="&G46,$D$18:$D$2015,"<"&G47)) | K46: =IF(J46="","",COUNTIFS($C$18:$C$2015,J$13,$D$18:$D$2015,">="&J46,$D$18:$D$2015,"<"&J47)) | M46: 72 | N46: =IF(M46="","",COUNTIFS($C$18:$C$2015,M$13,$D$18:$D$2015,">="&M46,$D$18:$D$2015,"<"&M47)) | P46: 41 | Q46: =IF(P46="","",COUNTIFS($C$18:$C$2015,P$13,$D$18:$D$2015,">="&P46,$D$18:$D$2015,"<"&P47)) | S46: 72 | T46: =IF(S46="","",COUNTIFS($C$18:$C$2015,S$13,$D$18:$D$2015,">="&S46,$D$18:$D$2015,"<"&S47)) | V46: 72 | W46: =IF(V46="","",COUNTIFS($C$18:$C$2015,V$13,$D$18:$D$2015,">="&V46,$D$18:$D$2015,"<"&V47)) | Y46: 72 | Z46: =IF(Y46="","",COUNTIFS($C$18:$C$2015,Y$13,$D$18:$D$2015,">="&Y46,$D$18:$D$2015,"<"&Y47)) | AB46: 41 | AC46: =IF(AB46="","",COUNTIFS($C$18:$C$2015,AB$13,$D$18:$D$2015,">="&AB46,$D$18:$D$2015,"<"&AB47))
G47: 42 | H47: =IF(G47="","",COUNTIFS($C$18:$C$2015,G$13,$D$18:$D$2015,">="&G47,$D$18:$D$2015,"<"&G48)) | K47: =IF(J47="","",COUNTIFS($C$18:$C$2015,J$13,$D$18:$D$2015,">="&J47,$D$18:$D$2015,"<"&J48)) | M47: 74 | N47: =IF(M47="","",COUNTIFS($C$18:$C$2015,M$13,$D$18:$D$2015,">="&M47,$D$18:$D$2015,"<"&M48)) | P47: 42 | Q47: =IF(P47="","",COUNTIFS($C$18:$C$2015,P$13,$D$18:$D$2015,">="&P47,$D$18:$D$2015,"<"&P48)) | S47: 74 | T47: =IF(S47="","",COUNTIFS($C$18:$C$2015,S$13,$D$18:$D$2015,">="&S47,$D$18:$D$2015,"<"&S48)) | V47: 74 | W47: =IF(V47="","",COUNTIFS($C$18:$C$2015,V$13,$D$18:$D$2015,">="&V47,$D$18:$D$2015,"<"&V48)) | Y47: 74 | Z47: =IF(Y47="","",COUNTIFS($C$18:$C$2015,Y$13,$D$18:$D$2015,">="&Y47,$D$18:$D$2015,"<"&Y48)) | AB47: 42 | AC47: =IF(AB47="","",COUNTIFS($C$18:$C$2015,AB$13,$D$18:$D$2015,">="&AB47,$D$18:$D$2015,"<"&AB48))
G48: 43 | H48: =IF(G48="","",COUNTIFS($C$18:$C$2015,G$13,$D$18:$D$2015,">="&G48,$D$18:$D$2015,"<"&G49)) | K48: =IF(J48="","",COUNTIFS($C$18:$C$2015,J$13,$D$18:$D$2015,">="&J48,$D$18:$D$2015,"<"&J49)) | M48: 76 | N48: =IF(M48="","",COUNTIFS($C$18:$C$2015,M$13,$D$18:$D$2015,">="&M48,$D$18:$D$2015,"<"&M49)) | P48: 43 | Q48: =IF(P48="","",COUNTIFS($C$18:$C$2015,P$13,$D$18:$D$2015,">="&P48,$D$18:$D$2015,"<"&P49)) | S48: 76 | T48: =IF(S48="","",COUNTIFS($C$18:$C$2015,S$13,$D$18:$D$2015,">="&S48,$D$18:$D$2015,"<"&S49)) | V48: 76 | W48: =IF(V48="","",COUNTIFS($C$18:$C$2015,V$13,$D$18:$D$2015,">="&V48,$D$18:$D$2015,"<"&V49)) | Y48: 76 | Z48: =IF(Y48="","",COUNTIFS($C$18:$C$2015,Y$13,$D$18:$D$2015,">="&Y48,$D$18:$D$2015,"<"&Y49)) | AB48: 43 | AC48: =IF(AB48="","",COUNTIFS($C$18:$C$2015,AB$13,$D$18:$D$2015,">="&AB48,$D$18:$D$2015,"<"&AB49))
G49: 44 | H49: =IF(G49="","",COUNTIFS($C$18:$C$2015,G$13,$D$18:$D$2015,">="&G49,$D$18:$D$2015,"<"&G50)) | K49: =IF(J49="","",COUNTIFS($C$18:$C$2015,J$13,$D$18:$D$2015,">="&J49,$D$18:$D$2015,"<"&J50)) | M49: 78 | N49: =IF(M49="","",COUNTIFS($C$18:$C$2015,M$13,$D$18:$D$2015,">="&M49,$D$18:$D$2015,"<"&M50)) | P49: 44 | Q49: =IF(P49="","",COUNTIFS($C$18:$C$2015,P$13,$D$18:$D$2015,">="&P49,$D$18:$D$2015,"<"&P50)) | S49: 78 | T49: =IF(S49="","",COUNTIFS($C$18:$C$2015,S$13,$D$18:$D$2015,">="&S49,$D$18:$D$2015,"<"&S50)) | V49: 78 | W49: =IF(V49="","",COUNTIFS($C$18:$C$2015,V$13,$D$18:$D$2015,">="&V49,$D$18:$D$2015,"<"&V50)) | Y49: 78 | Z49: =IF(Y49="","",COUNTIFS($C$18:$C$2015,Y$13,$D$18:$D$2015,">="&Y49,$D$18:$D$2015,"<"&Y50)) | AB49: 44 | AC49: =IF(AB49="","",COUNTIFS($C$18:$C$2015,AB$13,$D$18:$D$2015,">="&AB49,$D$18:$D$2015,"<"&AB50))
G50: 45 | H50: =IF(G50="","",COUNTIFS($C$18:$C$2015,G$13,$D$18:$D$2015,">="&G50,$D$18:$D$2015,"<"&G51)) | K50: =IF(J50="","",COUNTIFS($C$18:$C$2015,J$13,$D$18:$D$2015,">="&J50,$D$18:$D$2015,"<"&J51)) | M50: 80 | N50: =IF(M50="","",COUNTIFS($C$18:$C$2015,M$13,$D$18:$D$2015,">="&M50,$D$18:$D$2015,"<"&M51)) | P50: 45 | Q50: =IF(P50="","",COUNTIFS($C$18:$C$2015,P$13,$D$18:$D$2015,">="&P50,$D$18:$D$2015,"<"&P51)) | S50: 80 | T50: =IF(S50="","",COUNTIFS($C$18:$C$2015,S$13,$D$18:$D$2015,">="&S50,$D$18:$D$2015,"<"&S51)) | V50: 80 | W50: =IF(V50="","",COUNTIFS($C$18:$C$2015,V$13,$D$18:$D$2015,">="&V50,$D$18:$D$2015,"<"&V51)) | Y50: 80 | Z50: =IF(Y50="","",COUNTIFS($C$18:$C$2015,Y$13,$D$18:$D$2015,">="&Y50,$D$18:$D$2015,"<"&Y51)) | AB50: 45 | AC50: =IF(AB50="","",COUNTIFS($C$18:$C$2015,AB$13,$D$18:$D$2015,">="&AB50,$D$18:$D$2015,"<"&AB51))
G51: 46 | H51: =IF(G51="","",COUNTIFS($C$18:$C$2015,G$13,$D$18:$D$2015,">="&G51,$D$18:$D$2015,"<"&G52)) | K51: =IF(J51="","",COUNTIFS($C$18:$C$2015,J$13,$D$18:$D$2015,">="&J51,$D$18:$D$2015,"<"&J52)) | M51: 82 | N51: =IF(M51="","",COUNTIFS($C$18:$C$2015,M$13,$D$18:$D$2015,">="&M51,$D$18:$D$2015,"<"&M52)) | P51: 46 | Q51: =IF(P51="","",COUNTIFS($C$18:$C$2015,P$13,$D$18:$D$2015,">="&P51,$D$18:$D$2015,"<"&P52)) | S51: 82 | T51: =IF(S51="","",COUNTIFS($C$18:$C$2015,S$13,$D$18:$D$2015,">="&S51,$D$18:$D$2015,"<"&S52)) | W51: =IF(V51="","",COUNTIFS($C$18:$C$2015,V$13,$D$18:$D$2015,">="&V51,$D$18:$D$2015,"<"&V52)) | Z51: =IF(Y51="","",COUNTIFS($C$18:$C$2015,Y$13,$D$18:$D$2015,">="&Y51,$D$18:$D$2015,"<"&Y52)) | AB51: 46 | AC51: =IF(AB51="","",COUNTIFS($C$18:$C$2015,AB$13,$D$18:$D$2015,">="&AB51,$D$18:$D$2015,"<"&AB52))
G52: 47 | H52: =IF(G52="","",COUNTIFS($C$18:$C$2015,G$13,$D$18:$D$2015,">="&G52,$D$18:$D$2015,"<"&G53)) | K52: =IF(J52="","",COUNTIFS($C$18:$C$2015,J$13,$D$18:$D$2015,">="&J52,$D$18:$D$2015,"<"&J53)) | M52: 84 | N52: =IF(M52="","",COUNTIFS($C$18:$C$2015,M$13,$D$18:$D$2015,">="&M52,$D$18:$D$2015,"<"&M53)) | P52: 47 | Q52: =IF(P52="","",COUNTIFS($C$18:$C$2015,P$13,$D$18:$D$2015,">="&P52,$D$18:$D$2015,"<"&P53)) | S52: 84 | T52: =IF(S52="","",COUNTIFS($C$18:$C$2015,S$13,$D$18:$D$2015,">="&S52,$D$18:$D$2015,"<"&S53)) | W52: =IF(V52="","",COUNTIFS($C$18:$C$2015,V$13,$D$18:$D$2015,">="&V52,$D$18:$D$2015,"<"&V53)) | Z52: =IF(Y52="","",COUNTIFS($C$18:$C$2015,Y$13,$D$18:$D$2015,">="&Y52,$D$18:$D$2015,"<"&Y53)) | AB52: 47 | AC52: =IF(AB52="","",COUNTIFS($C$18:$C$2015,AB$13,$D$18:$D$2015,">="&AB52,$D$18:$D$2015,"<"&AB53))
G53: 48 | H53: =IF(G53="","",COUNTIFS($C$18:$C$2015,G$13,$D$18:$D$2015,">="&G53,$D$18:$D$2015,"<"&G54)) | K53: =IF(J53="","",COUNTIFS($C$18:$C$2015,J$13,$D$18:$D$2015,">="&J53,$D$18:$D$2015,"<"&J54)) | M53: 86 | N53: =IF(M53="","",COUNTIFS($C$18:$C$2015,M$13,$D$18:$D$2015,">="&M53,$D$18:$D$2015,"<"&M54)) | P53: 48 | Q53: =IF(P53="","",COUNTIFS($C$18:$C$2015,P$13,$D$18:$D$2015,">="&P53,$D$18:$D$2015,"<"&P54)) | S53: 86 | T53: =IF(S53="","",COUNTIFS($C$18:$C$2015,S$13,$D$18:$D$2015,">="&S53,$D$18:$D$2015,"<"&S54)) | W53: =IF(V53="","",COUNTIFS($C$18:$C$2015,V$13,$D$18:$D$2015,">="&V53,$D$18:$D$2015,"<"&V54)) | Z53: =IF(Y53="","",COUNTIFS($C$18:$C$2015,Y$13,$D$18:$D$2015,">="&Y53,$D$18:$D$2015,"<"&Y54)) | AB53: 48 | AC53: =IF(AB53="","",COUNTIFS($C$18:$C$2015,AB$13,$D$18:$D$2015,">="&AB53,$D$18:$D$2015,"<"&AB54))
G54: 49 | H54: =IF(G54="","",COUNTIFS($C$18:$C$2015,G$13,$D$18:$D$2015,">="&G54,$D$18:$D$2015,"<"&G55)) | K54: =IF(J54="","",COUNTIFS($C$18:$C$2015,J$13,$D$18:$D$2015,">="&J54,$D$18:$D$2015,"<"&J55)) | M54: 88 | N54: =IF(M54="","",COUNTIFS($C$18:$C$2015,M$13,$D$18:$D$2015,">="&M54,$D$18:$D$2015,"<"&M55)) | P54: 49 | Q54: =IF(P54="","",COUNTIFS($C$18:$C$2015,P$13,$D$18:$D$2015,">="&P54,$D$18:$D$2015,"<"&P55)) | S54: 88 | T54: =IF(S54="","",COUNTIFS($C$18:$C$2015,S$13,$D$18:$D$2015,">="&S54,$D$18:$D$2015,"<"&S55)) | W54: =IF(V54="","",COUNTIFS($C$18:$C$2015,V$13,$D$18:$D$2015,">="&V54,$D$18:$D$2015,"<"&V55)) | Z54: =IF(Y54="","",COUNTIFS($C$18:$C$2015,Y$13,$D$18:$D$2015,">="&Y54,$D$18:$D$2015,"<"&Y55)) | AB54: 49 | AC54: =IF(AB54="","",COUNTIFS($C$18:$C$2015,AB$13,$D$18:$D$2015,">="&AB54,$D$18:$D$2015,"<"&AB55))
G55: 50 | H55: =IF(G55="","",COUNTIFS($C$18:$C$2015,G$13,$D$18:$D$2015,">="&G55,$D$18:$D$2015,"<"&G56)) | K55: =IF(J55="","",COUNTIFS($C$18:$C$2015,J$13,$D$18:$D$2015,">="&J55,$D$18:$D$2015,"<"&J56)) | M55: 90 | N55: =IF(M55="","",COUNTIFS($C$18:$C$2015,M$13,$D$18:$D$2015,">="&M55,$D$18:$D$2015,"<"&M56)) | P55: 50 | Q55: =IF(P55="","",COUNTIFS($C$18:$C$2015,P$13,$D$18:$D$2015,">="&P55,$D$18:$D$2015,"<"&P56)) | S55: 90 | T55: =IF(S55="","",COUNTIFS($C$18:$C$2015,S$13,$D$18:$D$2015,">="&S55,$D$18:$D$2015,"<"&S56)) | W55: =IF(V55="","",COUNTIFS($C$18:$C$2015,V$13,$D$18:$D$2015,">="&V55,$D$18:$D$2015,"<"&V56)) | Z55: =IF(Y55="","",COUNTIFS($C$18:$C$2015,Y$13,$D$18:$D$2015,">="&Y55,$D$18:$D$2015,"<"&Y56)) | AB55: 50 | AC55: =IF(AB55="","",COUNTIFS($C$18:$C$2015,AB$13,$D$18:$D$2015,">="&AB55,$D$18:$D$2015,"<"&AB56))
G56: 51 | H56: =IF(G56="","",COUNTIFS($C$18:$C$2015,G$13,$D$18:$D$2015,">="&G56,$D$18:$D$2015,"<"&G57)) | K56: =IF(J56="","",COUNTIFS($C$18:$C$2015,J$13,$D$18:$D$2015,">="&J56,$D$18:$D$2015,"<"&J57)) | N56: =IF(M56="","",COUNTIFS($C$18:$C$2015,M$13,$D$18:$D$2015,">="&M56,$D$18:$D$2015,"<"&M57)) | P56: 51 | Q56: =IF(P56="","",COUNTIFS($C$18:$C$2015,P$13,$D$18:$D$2015,">="&P56,$D$18:$D$2015,"<"&P57)) | S56: 92 | T56: =IF(S56="","",COUNTIFS($C$18:$C$2015,S$13,$D$18:$D$2015,">="&S56,$D$18:$D$2015,"<"&S57)) | W56: =IF(V56="","",COUNTIFS($C$18:$C$2015,V$13,$D$18:$D$2015,">="&V56,$D$18:$D$2015,"<"&V57)) | Z56: =IF(Y56="","",COUNTIFS($C$18:$C$2015,Y$13,$D$18:$D$2015,">="&Y56,$D$18:$D$2015,"<"&Y57)) | AB56: 51 | AC56: =IF(AB56="","",COUNTIFS($C$18:$C$2015,AB$13,$D$18:$D$2015,">="&AB56,$D$18:$D$2015,"<"&AB57))
G57: 52 | H57: =IF(G57="","",COUNTIFS($C$18:$C$2015,G$13,$D$18:$D$2015,">="&G57,$D$18:$D$2015,"<"&G58)) | K57: =IF(J57="","",COUNTIFS($C$18:$C$2015,J$13,$D$18:$D$2015,">="&J57,$D$18:$D$2015,"<"&J58)) | N57: =IF(M57="","",COUNTIFS($C$18:$C$2015,M$13,$D$18:$D$2015,">="&M57,$D$18:$D$2015,"<"&M58)) | P57: 52 | Q57: =IF(P57="","",COUNTIFS($C$18:$C$2015,P$13,$D$18:$D$2015,">="&P57,$D$18:$D$2015,"<"&P58)) | S57: 94 | T57: =IF(S57="","",COUNTIFS($C$18:$C$2015,S$13,$D$18:$D$2015,">="&S57,$D$18:$D$2015,"<"&S58)) | W57: =IF(V57="","",COUNTIFS($C$18:$C$2015,V$13,$D$18:$D$2015,">="&V57,$D$18:$D$2015,"<"&V58)) | Z57: =IF(Y57="","",COUNTIFS($C$18:$C$2015,Y$13,$D$18:$D$2015,">="&Y57,$D$18:$D$2015,"<"&Y58)) | AB57: 52 | AC57: =IF(AB57="","",COUNTIFS($C$18:$C$2015,AB$13,$D$18:$D$2015,">="&AB57,$D$18:$D$2015,"<"&AB58))
G58: 53 | H58: =IF(G58="","",COUNTIFS($C$18:$C$2015,G$13,$D$18:$D$2015,">="&G58,$D$18:$D$2015,"<"&G59)) | K58: =IF(J58="","",COUNTIFS($C$18:$C$2015,J$13,$D$18:$D$2015,">="&J58,$D$18:$D$2015,"<"&J59)) | N58: =IF(M58="","",COUNTIFS($C$18:$C$2015,M$13,$D$18:$D$2015,">="&M58,$D$18:$D$2015,"<"&M59)) | P58: 53 | Q58: =IF(P58="","",COUNTIFS($C$18:$C$2015,P$13,$D$18:$D$2015,">="&P58,$D$18:$D$2015,"<"&P59)) | S58: 96 | T58: =IF(S58="","",COUNTIFS($C$18:$C$2015,S$13,$D$18:$D$2015,">="&S58,$D$18:$D$2015,"<"&S59)) | W58: =IF(V58="","",COUNTIFS($C$18:$C$2015,V$13,$D$18:$D$2015,">="&V58,$D$18:$D$2015,"<"&V59)) | Z58: =IF(Y58="","",COUNTIFS($C$18:$C$2015,Y$13,$D$18:$D$2015,">="&Y58,$D$18:$D$2015,"<"&Y59)) | AB58: 53 | AC58: =IF(AB58="","",COUNTIFS($C$18:$C$2015,AB$13,$D$18:$D$2015,">="&AB58,$D$18:$D$2015,"<"&AB59))
G59: 54 | H59: =IF(G59="","",COUNTIFS($C$18:$C$2015,G$13,$D$18:$D$2015,">="&G59,$D$18:$D$2015,"<"&G60)) | K59: =IF(J59="","",COUNTIFS($C$18:$C$2015,J$13,$D$18:$D$2015,">="&J59,$D$18:$D$2015,"<"&J60)) | N59: =IF(M59="","",COUNTIFS($C$18:$C$2015,M$13,$D$18:$D$2015,">="&M59,$D$18:$D$2015,"<"&M60)) | P59: 54 | Q59: =IF(P59="","",COUNTIFS($C$18:$C$2015,P$13,$D$18:$D$2015,">="&P59,$D$18:$D$2015,"<"&P60)) | S59: 98 | T59: =IF(S59="","",COUNTIFS($C$18:$C$2015,S$13,$D$18:$D$2015,">="&S59,$D$18:$D$2015,"<"&S60)) | W59: =IF(V59="","",COUNTIFS($C$18:$C$2015,V$13,$D$18:$D$2015,">="&V59,$D$18:$D$2015,"<"&V60)) | Z59: =IF(Y59="","",COUNTIFS($C$18:$C$2015,Y$13,$D$18:$D$2015,">="&Y59,$D$18:$D$2015,"<"&Y60)) | AB59: 54 | AC59: =IF(AB59="","",COUNTIFS($C$18:$C$2015,AB$13,$D$18:$D$2015,">="&AB59,$D$18:$D$2015,"<"&AB60))
G60: 55 | H60: =IF(G60="","",COUNTIFS($C$18:$C$2015,G$13,$D$18:$D$2015,">="&G60,$D$18:$D$2015,"<"&G61)) | K60: =IF(J60="","",COUNTIFS($C$18:$C$2015,J$13,$D$18:$D$2015,">="&J60,$D$18:$D$2015,"<"&J61)) | N60: =IF(M60="","",COUNTIFS($C$18:$C$2015,M$13,$D$18:$D$2015,">="&M60,$D$18:$D$2015,"<"&M61)) | P60: 55 | Q60: =IF(P60="","",COUNTIFS($C$18:$C$2015,P$13,$D$18:$D$2015,">="&P60,$D$18:$D$2015,"<"&P61)) | S60: 100 | T60: =IF(S60="","",COUNTIFS($C$18:$C$2015,S$13,$D$18:$D$2015,">="&S60,$D$18:$D$2015,"<"&S61)) | W60: =IF(V60="","",COUNTIFS($C$18:$C$2015,V$13,$D$18:$D$2015,">="&V60,$D$18:$D$2015,"<"&V61)) | Z60: =IF(Y60="","",COUNTIFS($C$18:$C$2015,Y$13,$D$18:$D$2015,">="&Y60,$D$18:$D$2015,"<"&Y61)) | AB60: 55 | AC60: =IF(AB60="","",COUNTIFS($C$18:$C$2015,AB$13,$D$18:$D$2015,">="&AB60,$D$18:$D$2015,"<"&AB61))
G61: 56 | H61: =IF(G61="","",COUNTIFS($C$18:$C$2015,G$13,$D$18:$D$2015,">="&G61,$D$18:$D$2015,"<"&G62)) | K61: =IF(J61="","",COUNTIFS($C$18:$C$2015,J$13,$D$18:$D$2015,">="&J61,$D$18:$D$2015,"<"&J62)) | N61: =IF(M61="","",COUNTIFS($C$18:$C$2015,M$13,$D$18:$D$2015,">="&M61,$D$18:$D$2015,"<"&M62)) | P61: 56 | Q61: =IF(P61="","",COUNTIFS($C$18:$C$2015,P$13,$D$18:$D$2015,">="&P61,$D$18:$D$2015,"<"&P62)) | T61: =IF(S61="","",COUNTIFS($C$18:$C$2015,S$13,$D$18:$D$2015,">="&S61,$D$18:$D$2015,"<"&S62)) | W61: =IF(V61="","",COUNTIFS($C$18:$C$2015,V$13,$D$18:$D$2015,">="&V61,$D$18:$D$2015,"<"&V62)) | Z61: =IF(Y61="","",COUNTIFS($C$18:$C$2015,Y$13,$D$18:$D$2015,">="&Y61,$D$18:$D$2015,"<"&Y62)) | AB61: 56 | AC61: =IF(AB61="","",COUNTIFS($C$18:$C$2015,AB$13,$D$18:$D$2015,">="&AB61,$D$18:$D$2015,"<"&AB62))
G62: 57 | H62: =IF(G62="","",COUNTIFS($C$18:$C$2015,G$13,$D$18:$D$2015,">="&G62,$D$18:$D$2015,"<"&G63)) | K62: =IF(J62="","",COUNTIFS($C$18:$C$2015,J$13,$D$18:$D$2015,">="&J62,$D$18:$D$2015,"<"&J63)) | N62: =IF(M62="","",COUNTIFS($C$18:$C$2015,M$13,$D$18:$D$2015,">="&M62,$D$18:$D$2015,"<"&M63)) | P62: 57 | Q62: =IF(P62="","",COUNTIFS($C$18:$C$2015,P$13,$D$18:$D$2015,">="&P62,$D$18:$D$2015,"<"&P63)) | T62: =IF(S62="","",COUNTIFS($C$18:$C$2015,S$13,$D$18:$D$2015,">="&S62,$D$18:$D$2015,"<"&S63)) | W62: =IF(V62="","",COUNTIFS($C$18:$C$2015,V$13,$D$18:$D$2015,">="&V62,$D$18:$D$2015,"<"&V63)) | Z62: =IF(Y62="","",COUNTIFS($C$18:$C$2015,Y$13,$D$18:$D$2015,">="&Y62,$D$18:$D$2015,"<"&Y63)) | AB62: 57 | AC62: =IF(AB62="","",COUNTIFS($C$18:$C$2015,AB$13,$D$18:$D$2015,">="&AB62,$D$18:$D$2015,"<"&AB63))
G63: 58 | H63: =IF(G63="","",COUNTIFS($C$18:$C$2015,G$13,$D$18:$D$2015,">="&G63,$D$18:$D$2015,"<"&G64)) | K63: =IF(J63="","",COUNTIFS($C$18:$C$2015,J$13,$D$18:$D$2015,">="&J63,$D$18:$D$2015,"<"&J64)) | N63: =IF(M63="","",COUNTIFS($C$18:$C$2015,M$13,$D$18:$D$2015,">="&M63,$D$18:$D$2015,"<"&M64)) | P63: 58 | Q63: =IF(P63="","",COUNTIFS($C$18:$C$2015,P$13,$D$18:$D$2015,">="&P63,$D$18:$D$2015,"<"&P64)) | T63: =IF(S63="","",COUNTIFS($C$18:$C$2015,S$13,$D$18:$D$2015,">="&S63,$D$18:$D$2015,"<"&S64)) | W63: =IF(V63="","",COUNTIFS($C$18:$C$2015,V$13,$D$18:$D$2015,">="&V63,$D$18:$D$2015,"<"&V64)) | Z63: =IF(Y63="","",COUNTIFS($C$18:$C$2015,Y$13,$D$18:$D$2015,">="&Y63,$D$18:$D$2015,"<"&Y64)) | AB63: 58 | AC63: =IF(AB63="","",COUNTIFS($C$18:$C$2015,AB$13,$D$18:$D$2015,">="&AB63,$D$18:$D$2015,"<"&AB64))
G64: 59 | H64: =IF(G64="","",COUNTIFS($C$18:$C$2015,G$13,$D$18:$D$2015,">="&G64,$D$18:$D$2015,"<"&G65)) | K64: =IF(J64="","",COUNTIFS($C$18:$C$2015,J$13,$D$18:$D$2015,">="&J64,$D$18:$D$2015,"<"&J65)) | N64: =IF(M64="","",COUNTIFS($C$18:$C$2015,M$13,$D$18:$D$2015,">="&M64,$D$18:$D$2015,"<"&M65)) | P64: 59 | Q64: =IF(P64="","",COUNTIFS($C$18:$C$2015,P$13,$D$18:$D$2015,">="&P64,$D$18:$D$2015,"<"&P65)) | T64: =IF(S64="","",COUNTIFS($C$18:$C$2015,S$13,$D$18:$D$2015,">="&S64,$D$18:$D$2015,"<"&S65)) | W64: =IF(V64="","",COUNTIFS($C$18:$C$2015,V$13,$D$18:$D$2015,">="&V64,$D$18:$D$2015,"<"&V65)) | Z64: =IF(Y64="","",COUNTIFS($C$18:$C$2015,Y$13,$D$18:$D$2015,">="&Y64,$D$18:$D$2015,"<"&Y65)) | AB64: 59 | AC64: =IF(AB64="","",COUNTIFS($C$18:$C$2015,AB$13,$D$18:$D$2015,">="&AB64,$D$18:$D$2015,"<"&AB65))
G65: 60 | H65: =IF(G65="","",COUNTIFS($C$18:$C$2015,G$13,$D$18:$D$2015,">="&G65,$D$18:$D$2015,"<"&G66)) | K65: =IF(J65="","",COUNTIFS($C$18:$C$2015,J$13,$D$18:$D$2015,">="&J65,$D$18:$D$2015,"<"&J66)) | N65: =IF(M65="","",COUNTIFS($C$18:$C$2015,M$13,$D$18:$D$2015,">="&M65,$D$18:$D$2015,"<"&M66)) | P65: 60 | Q65: =IF(P65="","",COUNTIFS($C$18:$C$2015,P$13,$D$18:$D$2015,">="&P65,$D$18:$D$2015,"<"&P66)) | T65: =IF(S65="","",COUNTIFS($C$18:$C$2015,S$13,$D$18:$D$2015,">="&S65,$D$18:$D$2015,"<"&S66)) | W65: =IF(V65="","",COUNTIFS($C$18:$C$2015,V$13,$D$18:$D$2015,">="&V65,$D$18:$D$2015,"<"&V66)) | Z65: =IF(Y65="","",COUNTIFS($C$18:$C$2015,Y$13,$D$18:$D$2015,">="&Y65,$D$18:$D$2015,"<"&Y66)) | AB65: 60 | AC65: =IF(AB65="","",COUNTIFS($C$18:$C$2015,AB$13,$D$18:$D$2015,">="&AB65,$D$18:$D$2015,"<"&AB66))
G66: 61 | H66: =IF(G66="","",COUNTIFS($C$18:$C$2015,G$13,$D$18:$D$2015,">="&G66,$D$18:$D$2015,"<"&G67)) | K66: =IF(J66="","",COUNTIFS($C$18:$C$2015,J$13,$D$18:$D$2015,">="&J66,$D$18:$D$2015,"<"&J67)) | N66: =IF(M66="","",COUNTIFS($C$18:$C$2015,M$13,$D$18:$D$2015,">="&M66,$D$18:$D$2015,"<"&M67)) | P66: 61 | Q66: =IF(P66="","",COUNTIFS($C$18:$C$2015,P$13,$D$18:$D$2015,">="&P66,$D$18:$D$2015,"<"&P67)) | T66: =IF(S66="","",COUNTIFS($C$18:$C$2015,S$13,$D$18:$D$2015,">="&S66,$D$18:$D$2015,"<"&S67)) | W66: =IF(V66="","",COUNTIFS($C$18:$C$2015,V$13,$D$18:$D$2015,">="&V66,$D$18:$D$2015,"<"&V67)) | Z66: =IF(Y66="","",COUNTIFS($C$18:$C$2015,Y$13,$D$18:$D$2015,">="&Y66,$D$18:$D$2015,"<"&Y67)) | AB66: 61 | AC66: =IF(AB66="","",COUNTIFS($C$18:$C$2015,AB$13,$D$18:$D$2015,">="&AB66,$D$18:$D$2015,"<"&AB67))
G67: 62 | H67: =IF(G67="","",COUNTIFS($C$18:$C$2015,G$13,$D$18:$D$2015,">="&G67,$D$18:$D$2015,"<"&G68)) | K67: =IF(J67="","",COUNTIFS($C$18:$C$2015,J$13,$D$18:$D$2015,">="&J67,$D$18:$D$2015,"<"&J68)) | N67: =IF(M67="","",COUNTIFS($C$18:$C$2015,M$13,$D$18:$D$2015,">="&M67,$D$18:$D$2015,"<"&M68)) | P67: 62 | Q67: =IF(P67="","",COUNTIFS($C$18:$C$2015,P$13,$D$18:$D$2015,">="&P67,$D$18:$D$2015,"<"&P68)) | T67: =IF(S67="","",COUNTIFS($C$18:$C$2015,S$13,$D$18:$D$2015,">="&S67,$D$18:$D$2015,"<"&S68)) | W67: =IF(V67="","",COUNTIFS($C$18:$C$2015,V$13,$D$18:$D$2015,">="&V67,$D$18:$D$2015,"<"&V68)) | Z67: =IF(Y67="","",COUNTIFS($C$18:$C$2015,Y$13,$D$18:$D$2015,">="&Y67,$D$18:$D$2015,"<"&Y68)) | AB67: 62 | AC67: =IF(AB67="","",COUNTIFS($C$18:$C$2015,AB$13,$D$18:$D$2015,">="&AB67,$D$18:$D$2015,"<"&AB68))
G68: 63 | H68: =IF(G68="","",COUNTIFS($C$18:$C$2015,G$13,$D$18:$D$2015,">="&G68,$D$18:$D$2015,"<"&G69)) | K68: =IF(J68="","",COUNTIFS($C$18:$C$2015,J$13,$D$18:$D$2015,">="&J68,$D$18:$D$2015,"<"&J69)) | N68: =IF(M68="","",COUNTIFS($C$18:$C$2015,M$13,$D$18:$D$2015,">="&M68,$D$18:$D$2015,"<"&M69)) | P68: 63 | Q68: =IF(P68="","",COUNTIFS($C$18:$C$2015,P$13,$D$18:$D$2015,">="&P68,$D$18:$D$2015,"<"&P69)) | T68: =IF(S68="","",COUNTIFS($C$18:$C$2015,S$13,$D$18:$D$2015,">="&S68,$D$18:$D$2015,"<"&S69)) | W68: =IF(V68="","",COUNTIFS($C$18:$C$2015,V$13,$D$18:$D$2015,">="&V68,$D$18:$D$2015,"<"&V69)) | Z68: =IF(Y68="","",COUNTIFS($C$18:$C$2015,Y$13,$D$18:$D$2015,">="&Y68,$D$18:$D$2015,"<"&Y69)) | AC68: =IF(AB68="","",COUNTIFS($C$18:$C$2015,AB$13,$D$18:$D$2015,">="&AB68,$D$18:$D$2015,"<"&AB69))
G69: 64 | H69: =IF(G69="","",COUNTIFS($C$18:$C$2015,G$13,$D$18:$D$2015,">="&G69,$D$18:$D$2015,"<"&G70)) | K69: =IF(J69="","",COUNTIFS($C$18:$C$2015,J$13,$D$18:$D$2015,">="&J69,$D$18:$D$2015,"<"&J70)) | N69: =IF(M69="","",COUNTIFS($C$18:$C$2015,M$13,$D$18:$D$2015,">="&M69,$D$18:$D$2015,"<"&M70)) | P69: 64 | Q69: =IF(P69="","",COUNTIFS($C$18:$C$2015,P$13,$D$18:$D$2015,">="&P69,$D$18:$D$2015,"<"&P70)) | T69: =IF(S69="","",COUNTIFS($C$18:$C$2015,S$13,$D$18:$D$2015,">="&S69,$D$18:$D$2015,"<"&S70)) | W69: =IF(V69="","",COUNTIFS($C$18:$C$2015,V$13,$D$18:$D$2015,">="&V69,$D$18:$D$2015,"<"&V70)) | Z69: =IF(Y69="","",COUNTIFS($C$18:$C$2015,Y$13,$D$18:$D$2015,">="&Y69,$D$18:$D$2015,"<"&Y70)) | AC69: =IF(AB69="","",COUNTIFS($C$18:$C$2015,AB$13,$D$18:$D$2015,">="&AB69,$D$18:$D$2015,"<"&AB70))
G70: 65 | H70: =IF(G70="","",COUNTIFS($C$18:$C$2015,G$13,$D$18:$D$2015,">="&G70,$D$18:$D$2015,"<"&G71)) | K70: =IF(J70="","",COUNTIFS($C$18:$C$2015,J$13,$D$18:$D$2015,">="&J70,$D$18:$D$2015,"<"&J71)) | N70: =IF(M70="","",COUNTIFS($C$18:$C$2015,M$13,$D$18:$D$2015,">="&M70,$D$18:$D$2015,"<"&M71)) | P70: 65 | Q70: =IF(P70="","",COUNTIFS($C$18:$C$2015,P$13,$D$18:$D$2015,">="&P70,$D$18:$D$2015,"<"&P71)) | T70: =IF(S70="","",COUNTIFS($C$18:$C$2015,S$13,$D$18:$D$2015,">="&S70,$D$18:$D$2015,"<"&S71)) | W70: =IF(V70="","",COUNTIFS($C$18:$C$2015,V$13,$D$18:$D$2015,">="&V70,$D$18:$D$2015,"<"&V71)) | Z70: =IF(Y70="","",COUNTIFS($C$18:$C$2015,Y$13,$D$18:$D$2015,">="&Y70,$D$18:$D$2015,"<"&Y71)) | AC70: =IF(AB70="","",COUNTIFS($C$18:$C$2015,AB$13,$D$18:$D$2015,">="&AB70,$D$18:$D$2015,"<"&AB71))
G71: 66 | H71: =IF(G71="","",COUNTIFS($C$18:$C$2015,G$13,$D$18:$D$2015,">="&G71,$D$18:$D$2015,"<"&G72)) | K71: =IF(J71="","",COUNTIFS($C$18:$C$2015,J$13,$D$18:$D$2015,">="&J71,$D$18:$D$2015,"<"&J72)) | N71: =IF(M71="","",COUNTIFS($C$18:$C$2015,M$13,$D$18:$D$2015,">="&M71,$D$18:$D$2015,"<"&M72)) | P71: 66 | Q71: =IF(P71="","",COUNTIFS($C$18:$C$2015,P$13,$D$18:$D$2015,">="&P71,$D$18:$D$2015,"<"&P72)) | T71: =IF(S71="","",COUNTIFS($C$18:$C$2015,S$13,$D$18:$D$2015,">="&S71,$D$18:$D$2015,"<"&S72)) | W71: =IF(V71="","",COUNTIFS($C$18:$C$2015,V$13,$D$18:$D$2015,">="&V71,$D$18:$D$2015,"<"&V72)) | Z71: =IF(Y71="","",COUNTIFS($C$18:$C$2015,Y$13,$D$18:$D$2015,">="&Y71,$D$18:$D$2015,"<"&Y72)) | AC71: =IF(AB71="","",COUNTIFS($C$18:$C$2015,AB$13,$D$18:$D$2015,">="&AB71,$D$18:$D$2015,"<"&AB72))
G72: 67 | H72: =IF(G72="","",COUNTIFS($C$18:$C$2015,G$13,$D$18:$D$2015,">="&G72,$D$18:$D$2015,"<"&G73)) | K72: =IF(J72="","",COUNTIFS($C$18:$C$2015,J$13,$D$18:$D$2015,">="&J72,$D$18:$D$2015,"<"&J73)) | N72: =IF(M72="","",COUNTIFS($C$18:$C$2015,M$13,$D$18:$D$2015,">="&M72,$D$18:$D$2015,"<"&M73)) | P72: 67 | Q72: =IF(P72="","",COUNTIFS($C$18:$C$2015,P$13,$D$18:$D$2015,">="&P72,$D$18:$D$2015,"<"&P73)) | T72: =IF(S72="","",COUNTIFS($C$18:$C$2015,S$13,$D$18:$D$2015,">="&S72,$D$18:$D$2015,"<"&S73)) | W72: =IF(V72="","",COUNTIFS($C$18:$C$2015,V$13,$D$18:$D$2015,">="&V72,$D$18:$D$2015,"<"&V73)) | Z72: =IF(Y72="","",COUNTIFS($C$18:$C$2015,Y$13,$D$18:$D$2015,">="&Y72,$D$18:$D$2015,"<"&Y73)) | AC72: =IF(AB72="","",COUNTIFS($C$18:$C$2015,AB$13,$D$18:$D$2015,">="&AB72,$D$18:$D$2015,"<"&AB73))
G73: 68 | H73: =IF(G73="","",COUNTIFS($C$18:$C$2015,G$13,$D$18:$D$2015,">="&G73,$D$18:$D$2015,"<"&G74)) | K73: =IF(J73="","",COUNTIFS($C$18:$C$2015,J$13,$D$18:$D$2015,">="&J73,$D$18:$D$2015,"<"&J74)) | N73: =IF(M73="","",COUNTIFS($C$18:$C$2015,M$13,$D$18:$D$2015,">="&M73,$D$18:$D$2015,"<"&M74)) | P73: 68 | Q73: =IF(P73="","",COUNTIFS($C$18:$C$2015,P$13,$D$18:$D$2015,">="&P73,$D$18:$D$2015,"<"&P74)) | T73: =IF(S73="","",COUNTIFS($C$18:$C$2015,S$13,$D$18:$D$2015,">="&S73,$D$18:$D$2015,"<"&S74)) | W73: =IF(V73="","",COUNTIFS($C$18:$C$2015,V$13,$D$18:$D$2015,">="&V73,$D$18:$D$2015,"<"&V74)) | Z73: =IF(Y73="","",COUNTIFS($C$18:$C$2015,Y$13,$D$18:$D$2015,">="&Y73,$D$18:$D$2015,"<"&Y74)) | AC73: =IF(AB73="","",COUNTIFS($C$18:$C$2015,AB$13,$D$18:$D$2015,">="&AB73,$D$18:$D$2015,"<"&AB74))
G74: 69 | H74: =IF(G74="","",COUNTIFS($C$18:$C$2015,G$13,$D$18:$D$2015,">="&G74,$D$18:$D$2015,"<"&G75)) | K74: =IF(J74="","",COUNTIFS($C$18:$C$2015,J$13,$D$18:$D$2015,">="&J74,$D$18:$D$2015,"<"&J75)) | N74: =IF(M74="","",COUNTIFS($C$18:$C$2015,M$13,$D$18:$D$2015,">="&M74,$D$18:$D$2015,"<"&M75)) | P74: 69 | Q74: =IF(P74="","",COUNTIFS($C$18:$C$2015,P$13,$D$18:$D$2015,">="&P74,$D$18:$D$2015,"<"&P75)) | T74: =IF(S74="","",COUNTIFS($C$18:$C$2015,S$13,$D$18:$D$2015,">="&S74,$D$18:$D$2015,"<"&S75)) | W74: =IF(V74="","",COUNTIFS($C$18:$C$2015,V$13,$D$18:$D$2015,">="&V74,$D$18:$D$2015,"<"&V75)) | Z74: =IF(Y74="","",COUNTIFS($C$18:$C$2015,Y$13,$D$18:$D$2015,">="&Y74,$D$18:$D$2015,"<"&Y75)) | AC74: =IF(AB74="","",COUNTIFS($C$18:$C$2015,AB$13,$D$18:$D$2015,">="&AB74,$D$18:$D$2015,"<"&AB75))
G75: 70 | H75: =IF(G75="","",COUNTIFS($C$18:$C$2015,G$13,$D$18:$D$2015,">="&G75,$D$18:$D$2015,"<"&G76)) | K75: =IF(J75="","",COUNTIFS($C$18:$C$2015,J$13,$D$18:$D$2015,">="&J75,$D$18:$D$2015,"<"&J76)) | N75: =IF(M75="","",COUNTIFS($C$18:$C$2015,M$13,$D$18:$D$2015,">="&M75,$D$18:$D$2015,"<"&M76)) | P75: 70 | Q75: =IF(P75="","",COUNTIFS($C$18:$C$2015,P$13,$D$18:$D$2015,">="&P75,$D$18:$D$2015,"<"&P76)) | T75: =IF(S75="","",COUNTIFS($C$18:$C$2015,S$13,$D$18:$D$2015,">="&S75,$D$18:$D$2015,"<"&S76)) | W75: =IF(V75="","",COUNTIFS($C$18:$C$2015,V$13,$D$18:$D$2015,">="&V75,$D$18:$D$2015,"<"&V76)) | Z75: =IF(Y75="","",COUNTIFS($C$18:$C$2015,Y$13,$D$18:$D$2015,">="&Y75,$D$18:$D$2015,"<"&Y76)) | AC75: =IF(AB75="","",COUNTIFS($C$18:$C$2015,AB$13,$D$18:$D$2015,">="&AB75,$D$18:$D$2015,"<"&AB76))
G76: 71 | H76: =IF(G76="","",COUNTIFS($C$18:$C$2015,G$13,$D$18:$D$2015,">="&G76,$D$18:$D$2015,"<"&G77)) | K76: =IF(J76="","",COUNTIFS($C$18:$C$2015,J$13,$D$18:$D$2015,">="&J76,$D$18:$D$2015,"<"&J77)) | N76: =IF(M76="","",COUNTIFS($C$18:$C$2015,M$13,$D$18:$D$2015,">="&M76,$D$18:$D$2015,"<"&M77)) | P76: 71 | Q76: =IF(P76="","",COUNTIFS($C$18:$C$2015,P$13,$D$18:$D$2015,">="&P76,$D$18:$D$2015,"<"&P77)) | T76: =IF(S76="","",COUNTIFS($C$18:$C$2015,S$13,$D$18:$D$2015,">="&S76,$D$18:$D$2015,"<"&S77)) | W76: =IF(V76="","",COUNTIFS($C$18:$C$2015,V$13,$D$18:$D$2015,">="&V76,$D$18:$D$2015,"<"&V77)) | Z76: =IF(Y76="","",COUNTIFS($C$18:$C$2015,Y$13,$D$18:$D$2015,">="&Y76,$D$18:$D$2015,"<"&Y77)) | AC76: =IF(AB76="","",COUNTIFS($C$18:$C$2015,AB$13,$D$18:$D$2015,">="&AB76,$D$18:$D$2015,"<"&AB77))
G77: 72 | H77: =IF(G77="","",COUNTIFS($C$18:$C$2015,G$13,$D$18:$D$2015,">="&G77,$D$18:$D$2015,"<"&G78)) | K77: =IF(J77="","",COUNTIFS($C$18:$C$2015,J$13,$D$18:$D$2015,">="&J77,$D$18:$D$2015,"<"&J78)) | N77: =IF(M77="","",COUNTIFS($C$18:$C$2015,M$13,$D$18:$D$2015,">="&M77,$D$18:$D$2015,"<"&M78)) | P77: 72 | Q77: =IF(P77="","",COUNTIFS($C$18:$C$2015,P$13,$D$18:$D$2015,">="&P77,$D$18:$D$2015,"<"&P78)) | T77: =IF(S77="","",COUNTIFS($C$18:$C$2015,S$13,$D$18:$D$2015,">="&S77,$D$18:$D$2015,"<"&S78)) | W77: =IF(V77="","",COUNTIFS($C$18:$C$2015,V$13,$D$18:$D$2015,">="&V77,$D$18:$D$2015,"<"&V78)) | Z77: =IF(Y77="","",COUNTIFS($C$18:$C$2015,Y$13,$D$18:$D$2015,">="&Y77,$D$18:$D$2015,"<"&Y78)) | AC77: =IF(AB77="","",COUNTIFS($C$18:$C$2015,AB$13,$D$18:$D$2015,">="&AB77,$D$18:$D$2015,"<"&AB78))
G78: 73 | H78: =IF(G78="","",COUNTIFS($C$18:$C$2015,G$13,$D$18:$D$2015,">="&G78,$D$18:$D$2015,"<"&G79)) | K78: =IF(J78="","",COUNTIFS($C$18:$C$2015,J$13,$D$18:$D$2015,">="&J78,$D$18:$D$2015,"<"&J79)) | N78: =IF(M78="","",COUNTIFS($C$18:$C$2015,M$13,$D$18:$D$2015,">="&M78,$D$18:$D$2015,"<"&M79)) | P78: 73 | Q78: =IF(P78="","",COUNTIFS($C$18:$C$2015,P$13,$D$18:$D$2015,">="&P78,$D$18:$D$2015,"<"&P79)) | T78: =IF(S78="","",COUNTIFS($C$18:$C$2015,S$13,$D$18:$D$2015,">="&S78,$D$18:$D$2015,"<"&S79)) | W78: =IF(V78="","",COUNTIFS($C$18:$C$2015,V$13,$D$18:$D$2015,">="&V78,$D$18:$D$2015,"<"&V79)) | Z78: =IF(Y78="","",COUNTIFS($C$18:$C$2015,Y$13,$D$18:$D$2015,">="&Y78,$D$18:$D$2015,"<"&Y79)) | AC78: =IF(AB78="","",COUNTIFS($C$18:$C$2015,AB$13,$D$18:$D$2015,">="&AB78,$D$18:$D$2015,"<"&AB79))
G79: 74 | H79: =IF(G79="","",COUNTIFS($C$18:$C$2015,G$13,$D$18:$D$2015,">="&G79,$D$18:$D$2015,"<"&G80)) | K79: =IF(J79="","",COUNTIFS($C$18:$C$2015,J$13,$D$18:$D$2015,">="&J79,$D$18:$D$2015,"<"&J80)) | N79: =IF(M79="","",COUNTIFS($C$18:$C$2015,M$13,$D$18:$D$2015,">="&M79,$D$18:$D$2015,"<"&M80)) | P79: 74 | Q79: =IF(P79="","",COUNTIFS($C$18:$C$2015,P$13,$D$18:$D$2015,">="&P79,$D$18:$D$2015,"<"&P80)) | T79: =IF(S79="","",COUNTIFS($C$18:$C$2015,S$13,$D$18:$D$2015,">="&S79,$D$18:$D$2015,"<"&S80)) | W79: =IF(V79="","",COUNTIFS($C$18:$C$2015,V$13,$D$18:$D$2015,">="&V79,$D$18:$D$2015,"<"&V80)) | Z79: =IF(Y79="","",COUNTIFS($C$18:$C$2015,Y$13,$D$18:$D$2015,">="&Y79,$D$18:$D$2015,"<"&Y80)) | AC79: =IF(AB79="","",COUNTIFS($C$18:$C$2015,AB$13,$D$18:$D$2015,">="&AB79,$D$18:$D$2015,"<"&AB80))
... G85: 80 | H85: =IF(G85="","",COUNTIFS($C$18:$C$2015,G$13,$D$18:$D$2015,">="&G85,$D$18:$D$2015,"<"&G86)) | K85: =IF(J85="","",COUNTIFS($C$18:$C$2015,J$13,$D$18:$D$2015,">="&J85,$D$18:$D$2015,"<"&J86)) | N85: =IF(M85="","",COUNTIFS($C$18:$C$2015,M$13,$D$18:$D$2015,">="&M85,$D$18:$D$2015,"<"&M86)) | P85: 80 | Q85: =IF(P85="","",COUNTIFS($C$18:$C$2015,P$13,$D$18:$D$2015,">="&P85,$D$18:$D$2015,"<"&P86)) | T85: =IF(S85="","",COUNTIFS($C$18:$C$2015,S$13,$D$18:$D$2015,">="&S85,$D$18:$D$2015,"<"&S86)) | W85: =IF(V85="","",COUNTIFS($C$18:$C$2015,V$13,$D$18:$D$2015,">="&V85,$D$18:$D$2015,"<"&V86)) | Z85: =IF(Y85="","",COUNTIFS($C$18:$C$2015,Y$13,$D$18:$D$2015,">="&Y85,$D$18:$D$2015,"<"&Y86)) | AC85: =IF(AB85="","",COUNTIFS($C$18:$C$2015,AB$13,$D$18:$D$2015,">="&AB85,$D$18:$D$2015,"<"&AB86))
H86: =IF(G86="","",COUNTIFS($C$18:$C$2015,G$13,$D$18:$D$2015,">="&G86,$D$18:$D$2015,"<"&G87)) | K86: =IF(J86="","",COUNTIFS($C$18:$C$2015,J$13,$D$18:$D$2015,">="&J86,$D$18:$D$2015,"<"&J87)) | N86: =IF(M86="","",COUNTIFS($C$18:$C$2015,M$13,$D$18:$D$2015,">="&M86,$D$18:$D$2015,"<"&M87)) | Q86: =IF(P86="","",COUNTIFS($C$18:$C$2015,P$13,$D$18:$D$2015,">="&P86,$D$18:$D$2015,"<"&P87)) | T86: =IF(S86="","",COUNTIFS($C$18:$C$2015,S$13,$D$18:$D$2015,">="&S86,$D$18:$D$2015,"<"&S87)) | W86: =IF(V86="","",COUNTIFS($C$18:$C$2015,V$13,$D$18:$D$2015,">="&V86,$D$18:$D$2015,"<"&V87)) | Z86: =IF(Y86="","",COUNTIFS($C$18:$C$2015,Y$13,$D$18:$D$2015,">="&Y86,$D$18:$D$2015,"<"&Y87)) | AC86: =IF(AB86="","",COUNTIFS($C$18:$C$2015,AB$13,$D$18:$D$2015,">="&AB86,$D$18:$D$2015,"<"&AB87))
H87: =IF(G87="","",COUNTIFS($C$18:$C$2015,G$13,$D$18:$D$2015,">="&G87,$D$18:$D$2015,"<"&G88)) | K87: =IF(J87="","",COUNTIFS($C$18:$C$2015,J$13,$D$18:$D$2015,">="&J87,$D$18:$D$2015,"<"&J88)) | N87: =IF(M87="","",COUNTIFS($C$18:$C$2015,M$13,$D$18:$D$2015,">="&M87,$D$18:$D$2015,"<"&M88)) | Q87: =IF(P87="","",COUNTIFS($C$18:$C$2015,P$13,$D$18:$D$2015,">="&P87,$D$18:$D$2015,"<"&P88)) | T87: =IF(S87="","",COUNTIFS($C$18:$C$2015,S$13,$D$18:$D$2015,">="&S87,$D$18:$D$2015,"<"&S88)) | W87: =IF(V87="","",COUNTIFS($C$18:$C$2015,V$13,$D$18:$D$2015,">="&V87,$D$18:$D$2015,"<"&V88)) | Z87: =IF(Y87="","",COUNTIFS($C$18:$C$2015,Y$13,$D$18:$D$2015,">="&Y87,$D$18:$D$2015,"<"&Y88)) | AC87: =IF(AB87="","",COUNTIFS($C$18:$C$2015,AB$13,$D$18:$D$2015,">="&AB87,$D$18:$D$2015,"<"&AB88))
H88: =IF(G88="","",COUNTIFS($C$18:$C$2015,G$13,$D$18:$D$2015,">="&G88,$D$18:$D$2015,"<"&G89)) | K88: =IF(J88="","",COUNTIFS($C$18:$C$2015,J$13,$D$18:$D$2015,">="&J88,$D$18:$D$2015,"<"&J89)) | N88: =IF(M88="","",COUNTIFS($C$18:$C$2015,M$13,$D$18:$D$2015,">="&M88,$D$18:$D$2015,"<"&M89)) | Q88: =IF(P88="","",COUNTIFS($C$18:$C$2015,P$13,$D$18:$D$2015,">="&P88,$D$18:$D$2015,"<"&P89)) | T88: =IF(S88="","",COUNTIFS($C$18:$C$2015,S$13,$D$18:$D$2015,">="&S88,$D$18:$D$2015,"<"&S89)) | W88: =IF(V88="","",COUNTIFS($C$18:$C$2015,V$13,$D$18:$D$2015,">="&V88,$D$18:$D$2015,"<"&V89)) | Z88: =IF(Y88="","",COUNTIFS($C$18:$C$2015,Y$13,$D$18:$D$2015,">="&Y88,$D$18:$D$2015,"<"&Y89)) | AC88: =IF(AB88="","",COUNTIFS($C$18:$C$2015,AB$13,$D$18:$D$2015,">="&AB88,$D$18:$D$2015,"<"&AB89))
H89: =IF(G89="","",COUNTIFS($C$18:$C$2015,G$13,$D$18:$D$2015,">="&G89,$D$18:$D$2015,"<"&G90)) | K89: =IF(J89="","",COUNTIFS($C$18:$C$2015,J$13,$D$18:$D$2015,">="&J89,$D$18:$D$2015,"<"&J90)) | N89: =IF(M89="","",COUNTIFS($C$18:$C$2015,M$13,$D$18:$D$2015,">="&M89,$D$18:$D$2015,"<"&M90)) | Q89: =IF(P89="","",COUNTIFS($C$18:$C$2015,P$13,$D$18:$D$2015,">="&P89,$D$18:$D$2015,"<"&P90)) | T89: =IF(S89="","",COUNTIFS($C$18:$C$2015,S$13,$D$18:$D$2015,">="&S89,$D$18:$D$2015,"<"&S90)) | W89: =IF(V89="","",COUNTIFS($C$18:$C$2015,V$13,$D$18:$D$2015,">="&V89,$D$18:$D$2015,"<"&V90)) | Z89: =IF(Y89="","",COUNTIFS($C$18:$C$2015,Y$13,$D$18:$D$2015,">="&Y89,$D$18:$D$2015,"<"&Y90)) | AC89: =IF(AB89="","",COUNTIFS($C$18:$C$2015,AB$13,$D$18:$D$2015,">="&AB89,$D$18:$D$2015,"<"&AB90))
H90: =IF(G90="","",COUNTIFS($C$18:$C$2015,G$13,$D$18:$D$2015,">="&G90,$D$18:$D$2015,"<"&G91)) | K90: =IF(J90="","",COUNTIFS($C$18:$C$2015,J$13,$D$18:$D$2015,">="&J90,$D$18:$D$2015,"<"&J91)) | N90: =IF(M90="","",COUNTIFS($C$18:$C$2015,M$13,$D$18:$D$2015,">="&M90,$D$18:$D$2015,"<"&M91)) | Q90: =IF(P90="","",COUNTIFS($C$18:$C$2015,P$13,$D$18:$D$2015,">="&P90,$D$18:$D$2015,"<"&P91)) | T90: =IF(S90="","",COUNTIFS($C$18:$C$2015,S$13,$D$18:$D$2015,">="&S90,$D$18:$D$2015,"<"&S91)) | W90: =IF(V90="","",COUNTIFS($C$18:$C$2015,V$13,$D$18:$D$2015,">="&V90,$D$18:$D$2015,"<"&V91)) | Z90: =IF(Y90="","",COUNTIFS($C$18:$C$2015,Y$13,$D$18:$D$2015,">="&Y90,$D$18:$D$2015,"<"&Y91)) | AC90: =IF(AB90="","",COUNTIFS($C$18:$C$2015,AB$13,$D$18:$D$2015,">="&AB90,$D$18:$D$2015,"<"&AB91))
H91: =IF(G91="","",COUNTIFS($C$18:$C$2015,G$13,$D$18:$D$2015,">="&G91,$D$18:$D$2015,"<"&G92)) | K91: =IF(J91="","",COUNTIFS($C$18:$C$2015,J$13,$D$18:$D$2015,">="&J91,$D$18:$D$2015,"<"&J92)) | N91: =IF(M91="","",COUNTIFS($C$18:$C$2015,M$13,$D$18:$D$2015,">="&M91,$D$18:$D$2015,"<"&M92)) | Q91: =IF(P91="","",COUNTIFS($C$18:$C$2015,P$13,$D$18:$D$2015,">="&P91,$D$18:$D$2015,"<"&P92)) | T91: =IF(S91="","",COUNTIFS($C$18:$C$2015,S$13,$D$18:$D$2015,">="&S91,$D$18:$D$2015,"<"&S92)) | W91: =IF(V91="","",COUNTIFS($C$18:$C$2015,V$13,$D$18:$D$2015,">="&V91,$D$18:$D$2015,"<"&V92)) | Z91: =IF(Y91="","",COUNTIFS($C$18:$C$2015,Y$13,$D$18:$D$2015,">="&Y91,$D$18:$D$2015,"<"&Y92)) | AC91: =IF(AB91="","",COUNTIFS($C$18:$C$2015,AB$13,$D$18:$D$2015,">="&AB91,$D$18:$D$2015,"<"&AB92))
H92: =IF(G92="","",COUNTIFS($C$18:$C$2015,G$13,$D$18:$D$2015,">="&G92,$D$18:$D$2015,"<"&G93)) | K92: =IF(J92="","",COUNTIFS($C$18:$C$2015,J$13,$D$18:$D$2015,">="&J92,$D$18:$D$2015,"<"&J93)) | N92: =IF(M92="","",COUNTIFS($C$18:$C$2015,M$13,$D$18:$D$2015,">="&M92,$D$18:$D$2015,"<"&M93)) | Q92: =IF(P92="","",COUNTIFS($C$18:$C$2015,P$13,$D$18:$D$2015,">="&P92,$D$18:$D$2015,"<"&P93)) | T92: =IF(S92="","",COUNTIFS($C$18:$C$2015,S$13,$D$18:$D$2015,">="&S92,$D$18:$D$2015,"<"&S93)) | W92: =IF(V92="","",COUNTIFS($C$18:$C$2015,V$13,$D$18:$D$2015,">="&V92,$D$18:$D$2015,"<"&V93)) | Z92: =IF(Y92="","",COUNTIFS($C$18:$C$2015,Y$13,$D$18:$D$2015,">="&Y92,$D$18:$D$2015,"<"&Y93)) | AC92: =IF(AB92="","",COUNTIFS($C$18:$C$2015,AB$13,$D$18:$D$2015,">="&AB92,$D$18:$D$2015,"<"&AB93))
H93: =IF(G93="","",COUNTIFS($C$18:$C$2015,G$13,$D$18:$D$2015,">="&G93,$D$18:$D$2015,"<"&G94)) | K93: =IF(J93="","",COUNTIFS($C$18:$C$2015,J$13,$D$18:$D$2015,">="&J93,$D$18:$D$2015,"<"&J94)) | N93: =IF(M93="","",COUNTIFS($C$18:$C$2015,M$13,$D$18:$D$2015,">="&M93,$D$18:$D$2015,"<"&M94)) | Q93: =IF(P93="","",COUNTIFS($C$18:$C$2015,P$13,$D$18:$D$2015,">="&P93,$D$18:$D$2015,"<"&P94)) | T93: =IF(S93="","",COUNTIFS($C$18:$C$2015,S$13,$D$18:$D$2015,">="&S93,$D$18:$D$2015,"<"&S94)) | W93: =IF(V93="","",COUNTIFS($C$18:$C$2015,V$13,$D$18:$D$2015,">="&V93,$D$18:$D$2015,"<"&V94)) | Z93: =IF(Y93="","",COUNTIFS($C$18:$C$2015,Y$13,$D$18:$D$2015,">="&Y93,$D$18:$D$2015,"<"&Y94)) | AC93: =IF(AB93="","",COUNTIFS($C$18:$C$2015,AB$13,$D$18:$D$2015,">="&AB93,$D$18:$D$2015,"<"&AB94))
H94: =IF(G94="","",COUNTIFS($C$18:$C$2015,G$13,$D$18:$D$2015,">="&G94,$D$18:$D$2015,"<"&G95)) | K94: =IF(J94="","",COUNTIFS($C$18:$C$2015,J$13,$D$18:$D$2015,">="&J94,$D$18:$D$2015,"<"&J95)) | N94: =IF(M94="","",COUNTIFS($C$18:$C$2015,M$13,$D$18:$D$2015,">="&M94,$D$18:$D$2015,"<"&M95)) | Q94: =IF(P94="","",COUNTIFS($C$18:$C$2015,P$13,$D$18:$D$2015,">="&P94,$D$18:$D$2015,"<"&P95)) | T94: =IF(S94="","",COUNTIFS($C$18:$C$2015,S$13,$D$18:$D$2015,">="&S94,$D$18:$D$2015,"<"&S95)) | W94: =IF(V94="","",COUNTIFS($C$18:$C$2015,V$13,$D$18:$D$2015,">="&V94,$D$18:$D$2015,"<"&V95)) | Z94: =IF(Y94="","",COUNTIFS($C$18:$C$2015,Y$13,$D$18:$D$2015,">="&Y94,$D$18:$D$2015,"<"&Y95)) | AC94: =IF(AB94="","",COUNTIFS($C$18:$C$2015,AB$13,$D$18:$D$2015,">="&AB94,$D$18:$D$2015,"<"&AB95))
H95: =IF(G95="","",COUNTIFS($C$18:$C$2015,G$13,$D$18:$D$2015,">="&G95,$D$18:$D$2015,"<"&G96)) | K95: =IF(J95="","",COUNTIFS($C$18:$C$2015,J$13,$D$18:$D$2015,">="&J95,$D$18:$D$2015,"<"&J96)) | N95: =IF(M95="","",COUNTIFS($C$18:$C$2015,M$13,$D$18:$D$2015,">="&M95,$D$18:$D$2015,"<"&M96)) | Q95: =IF(P95="","",COUNTIFS($C$18:$C$2015,P$13,$D$18:$D$2015,">="&P95,$D$18:$D$2015,"<"&P96)) | T95: =IF(S95="","",COUNTIFS($C$18:$C$2015,S$13,$D$18:$D$2015,">="&S95,$D$18:$D$2015,"<"&S96)) | W95: =IF(V95="","",COUNTIFS($C$18:$C$2015,V$13,$D$18:$D$2015,">="&V95,$D$18:$D$2015,"<"&V96)) | Z95: =IF(Y95="","",COUNTIFS($C$18:$C$2015,Y$13,$D$18:$D$2015,">="&Y95,$D$18:$D$2015,"<"&Y96)) | AC95: =IF(AB95="","",COUNTIFS($C$18:$C$2015,AB$13,$D$18:$D$2015,">="&AB95,$D$18:$D$2015,"<"&AB96))
H96: =IF(G96="","",COUNTIFS($C$18:$C$2015,G$13,$D$18:$D$2015,">="&G96,$D$18:$D$2015,"<"&G97)) | K96: =IF(J96="","",COUNTIFS($C$18:$C$2015,J$13,$D$18:$D$2015,">="&J96,$D$18:$D$2015,"<"&J97)) | N96: =IF(M96="","",COUNTIFS($C$18:$C$2015,M$13,$D$18:$D$2015,">="&M96,$D$18:$D$2015,"<"&M97)) | Q96: =IF(P96="","",COUNTIFS($C$18:$C$2015,P$13,$D$18:$D$2015,">="&P96,$D$18:$D$2015,"<"&P97)) | T96: =IF(S96="","",COUNTIFS($C$18:$C$2015,S$13,$D$18:$D$2015,">="&S96,$D$18:$D$2015,"<"&S97)) | W96: =IF(V96="","",COUNTIFS($C$18:$C$2015,V$13,$D$18:$D$2015,">="&V96,$D$18:$D$2015,"<"&V97)) | Z96: =IF(Y96="","",COUNTIFS($C$18:$C$2015,Y$13,$D$18:$D$2015,">="&Y96,$D$18:$D$2015,"<"&Y97)) | AC96: =IF(AB96="","",COUNTIFS($C$18:$C$2015,AB$13,$D$18:$D$2015,">="&AB96,$D$18:$D$2015,"<"&AB97))
H97: =IF(G97="","",COUNTIFS($C$18:$C$2015,G$13,$D$18:$D$2015,">="&G97,$D$18:$D$2015,"<"&G98)) | K97: =IF(J97="","",COUNTIFS($C$18:$C$2015,J$13,$D$18:$D$2015,">="&J97,$D$18:$D$2015,"<"&J98)) | N97: =IF(M97="","",COUNTIFS($C$18:$C$2015,M$13,$D$18:$D$2015,">="&M97,$D$18:$D$2015,"<"&M98)) | Q97: =IF(P97="","",COUNTIFS($C$18:$C$2015,P$13,$D$18:$D$2015,">="&P97,$D$18:$D$2015,"<"&P98)) | T97: =IF(S97="","",COUNTIFS($C$18:$C$2015,S$13,$D$18:$D$2015,">="&S97,$D$18:$D$2015,"<"&S98)) | W97: =IF(V97="","",COUNTIFS($C$18:$C$2015,V$13,$D$18:$D$2015,">="&V97,$D$18:$D$2015,"<"&V98)) | Z97: =IF(Y97="","",COUNTIFS($C$18:$C$2015,Y$13,$D$18:$D$2015,">="&Y97,$D$18:$D$2015,"<"&Y98)) | AC97: =IF(AB97="","",COUNTIFS($C$18:$C$2015,AB$13,$D$18:$D$2015,">="&AB97,$D$18:$D$2015,"<"&AB98))
... H264: =IF(G264="","",COUNTIFS($C$18:$C$2015,G$13,$D$18:$D$2015,">="&G264,$D$18:$D$2015,"<"&G265)) | K264: =IF(J264="","",COUNTIFS($C$18:$C$2015,J$13,$D$18:$D$2015,">="&J264,$D$18:$D$2015,"<"&J265)) | N264: =IF(M264="","",COUNTIFS($C$18:$C$2015,M$13,$D$18:$D$2015,">="&M264,$D$18:$D$2015,"<"&M265)) | Q264: =IF(P264="","",COUNTIFS($C$18:$C$2015,P$13,$D$18:$D$2015,">="&P264,$D$18:$D$2015,"<"&P265)) | T264: =IF(S264="","",COUNTIFS($C$18:$C$2015,S$13,$D$18:$D$2015,">="&S264,$D$18:$D$2015,"<"&S265)) | W264: =IF(V264="","",COUNTIFS($C$18:$C$2015,V$13,$D$18:$D$2015,">="&V264,$D$18:$D$2015,"<"&V265)) | Z264: =IF(Y264="","",COUNTIFS($C$18:$C$2015,Y$13,$D$18:$D$2015,">="&Y264,$D$18:$D$2015,"<"&Y265)) | AC264: =IF(AB264="","",COUNTIFS($C$18:$C$2015,AB$13,$D$18:$D$2015,">="&AB264,$D$18:$D$2015,"<"&AB265))

Sheet M-03
G1: =FAO!B1&" max =" | H1: =+FAO!B10 | J1: =FAO!E1&" max =" | K1: =+FAO!E10 | M1: =FAO!H1&" max =" | N1: =+FAO!H10 | P1: =FAO!K1&" max =" | Q1: =+FAO!K10 | S1: =FAO!N1&" max =" | T1: =+FAO!N10 | V1: =FAO!Q1&" max =" | W1: =+FAO!Q10 | Y1: =FAO!T1&" max =" | Z1: =+FAO!T10 | AB1: =FAO!W1&" max =" | AC1: =+FAO!W10 | AE1: =COUNTA($C$15:$C$10001)
G2: obs n = | H2: =COUNTIF($C$18:$C$1003,G13) | J2: obs n = | K2: =COUNTIF($C$18:$C$1003,J13) | M2: obs n = | N2: =COUNTIF($C$18:$C$1003,M13) | P2: obs n = | Q2: =COUNTIF($C$18:$C$1003,P13) | S2: obs n = | T2: =COUNTIF($C$18:$C$1003,S13) | V2: obs n = | W2: =COUNTIF($C$18:$C$1003,V13) | Y2: obs n = | Z2: =COUNTIF($C$18:$C$1003,Y13) | AB2: obs n = | AC2: =COUNTIF($C$18:$C$1003,AB13)
G3: freq n= | H3: =+SUM(H15:H1003) | J3: freq n= | K3: =+SUM(K15:K1003) | M3: freq n= | N3: =+SUM(N15:N1003) | P3: freq n= | Q3: =+SUM(Q15:Q1003) | S3: freq n= | T3: =+SUM(T15:T1003) | V3: freq n= | W3: =+SUM(W15:W1003) | Y3: freq n= | Z3: =+SUM(Z15:Z1003) | AB3: freq n= | AC3: =+SUM(AC15:AC1003)
G4: first bin = | H4: 10 | J4: first bin = | K4: 10 | M4: first bin = | N4: 10 | P4: first bin = | Q4: 10 | S4: first bin = | T4: 10 | V4: first bin = | W4: 10 | Y4: first bin = | Z4: 10 | AB4: first bin = | AC4: 10
G5: increment = | H5: =+FAO!B14 | J5: increment = | K5: =+FAO!E14 | M5: increment = | N5: =+FAO!H14 | P5: increment = | Q5: =+FAO!K14 | S5: increment = | T5: =+FAO!N14 | V5: increment = | W5: =+FAO!Q14 | Y5: increment = | Z5: =+FAO!T14 | AB5: increment = | AC5: =+FAO!W14
G6: Complete = | H6: =COUNTIFS($C$18:$C$2015,G$13,$D$18:$D$2015,">5")/COUNTIF($C$18:$C$2015,G$13)*100 | J6: Complete = | K6: =COUNTIFS($C$18:$C$2015,J$13,$D$18:$D$2015,">5")/COUNTIF($C$18:$C$2015,J$13)*100 | M6: Complete = | N6: =COUNTIFS($C$18:$C$2015,M$13,$D$18:$D$2015,">5")/COUNTIF($C$18:$C$2015,M$13)*100 | P6: Complete = | Q6: =COUNTIFS($C$18:$C$2015,P$13,$D$18:$D$2015,">5")/COUNTIF($C$18:$C$2015,P$13)*100 | S6: Complete = | T6: =COUNTIFS($C$18:$C$2015,S$13,$D$18:$D$2015,">5")/COUNTIF($C$18:$C$2015,S$13)*100 | V6: Complete = | W6: =COUNTIFS($C$18:$C$2015,V$13,$D$18:$D$2015,">5")/COUNTIF($C$18:$C$2015,V$13)*100 | Y6: Complete = | Z6: =COUNTIFS($C$18:$C$2015,Y$13,$D$18:$D$2015,">5")/COUNTIF($C$18:$C$2015,Y$13)*100 | AB6: Complete = | AC6: =COUNTIFS($C$18:$C$2015,AB$13,$D$18:$D$2015,">5")/COUNTIF($C$18:$C$2015,AB$13)*100
G7: L50 (cm) = | H7: =+FAO!B11 | J7: L50 (cm) = | K7: =+FAO!E11 | M7: L50 (cm) = | N7: =+FAO!H11 | P7: L50 (cm) = | Q7: =+FAO!K11 | S7: L50 (cm) = | T7: =+FAO!N11 | V7: L50 (cm) = | W7: =+FAO!Q11 | Y7: L50 (cm) = | Z7: =+FAO!T11 | AB7: L50 (cm) = | AC7: =+FAO!W11
G8: Juven. (%) = | H8: =+ROUND(COUNTIFS($C$18:$C$2015,G$13,$D$18:$D$2015,"<"&H7)/COUNTIF($C$18:$C$2015,G$13)*100,0) | J8: Juven. (%) = | K8: =+ROUND(COUNTIFS($C$18:$C$2015,J$13,$D$18:$D$2015,"<"&K7)/COUNTIF($C$18:$C$2015,J$13)*100,0) | M8: Juven. (%) = | N8: =+ROUND(COUNTIFS($C$18:$C$2015,M$13,$D$18:$D$2015,"<"&N7)/COUNTIF($C$18:$C$2015,M$13)*100,0) | P8: Juven. (%) = | Q8: =+ROUND(COUNTIFS($C$18:$C$2015,P$13,$D$18:$D$2015,"<"&Q7)/COUNTIF($C$18:$C$2015,P$13)*100,0) | S8: Juven. (%) = | T8: =+ROUND(COUNTIFS($C$18:$C$2015,S$13,$D$18:$D$2015,"<"&T7)/COUNTIF($C$18:$C$2015,S$13)*100,0) | V8: Juven. (%) = | W8: =+ROUND(COUNTIFS($C$18:$C$2015,V$13,$D$18:$D$2015,"<"&W7)/COUNTIF($C$18:$C$2015,V$13)*100,0) | Y8: Juven. (%) = | Z8: =+ROUND(COUNTIFS($C$18:$C$2015,Y$13,$D$18:$D$2015,"<"&Z7)/COUNTIF($C$18:$C$2015,Y$13)*100,0) | AB8: Juven. (%) = | AC8: =+ROUND(COUNTIFS($C$18:$C$2015,AB$13,$D$18:$D$2015,"<"&AC7)/COUNTIF($C$18:$C$2015,AB$13)*100,0)
G9: =+FAO!B6 | J9: =+FAO!E6 | M9: =+FAO!H6 | P9: =+FAO!K6 | S9: =+FAO!N6 | V9: =+FAO!Q6 | Y9: =+FAO!T6 | AB9: =+FAO!W6
G10: =+FAO!B7 | J10: =+FAO!E7 | M10: =+FAO!H7 | P10: =+FAO!K7 | S10: =+FAO!N7 | V10: =+FAO!Q7 | Y10: =+FAO!T7 | AB10: =+FAO!W7
G11: =+FAO!B9 | J11: =+FAO!E9 | M11: =+FAO!H9 | P11: =+FAO!K9 | S11: =+FAO!N9 | V11: =+FAO!Q9 | Y11: =+FAO!T9 | AB11: =+FAO!W9
G12: =+FAO!B5 | J12: =+FAO!E5 | M12: =+FAO!H5 | P12: =+FAO!K5 | S12: =+FAO!N5 | V12: =+FAO!Q5 | Y12: =+FAO!T5 | AB12: =+FAO!W5
D13: #VALUE! | E13: =COUNTA(C15:C1003) | G13: =+FAO!B1 | H13: =+FAO!B3 | J13: =+FAO!E1 | K13: =+FAO!E3 | M13: =+FAO!H1 | N13: =+FAO!H3 | P13: =+FAO!K1 | Q13: =+FAO!K3 | S13: =+FAO!N1 | T13: =+FAO!N3 | V13: =+FAO!Q1 | W13: =+FAO!Q3 | Y13: =+FAO!T1 | Z13: =+FAO!T3 | AB13: =+FAO!W1 | AC13: =+FAO!W3
A14: TRIP | B14: DATE | C14: FAO | D14: OBS | E14: ID | G14: ="LC-"&G13 | H14: ="FQ-"&G13 | J14: ="LC-"&J13 | K14: ="FQ-"&J13 | M14: ="LC-"&M13 | N14: ="FQ-"&M13 | P14: ="LC-"&P13 | Q14: ="FQ-"&P13 | S14: ="LC-"&S13 | T14: ="FQ-"&S13 | V14: ="LC-"&V13 | W14: ="FQ-"&V13 | Y14: ="LC-"&Y13 | Z14: ="FQ-"&Y13 | AB14: ="LC-"&AB13 | AC14: ="FQ-"&AB13
E15: {=+_xlfn.SEQUENCE(E13,1,1)} | G15: {=_xlfn.SEQUENCE(((H1-H4)/H5)+1, 1, H4, H5)} | H15: =IF(G15="","",COUNTIFS($C$18:$C$2015,G$13,$D$18:$D$2015,">="&G15,$D$18:$D$2015,"<"&G16)) | J15: {=_xlfn.SEQUENCE(((K1-K4)/K5)+1, 1, K4, K5)} | K15: =IF(J15="","",COUNTIFS($C$18:$C$2015,J$13,$D$18:$D$2015,">="&J15,$D$18:$D$2015,"<"&J16)) | M15: {=_xlfn.SEQUENCE(((N1-N4)/N5)+1, 1, N4, N5)} | N15: =IF(M15="","",COUNTIFS($C$18:$C$2015,M$13,$D$18:$D$2015,">="&M15,$D$18:$D$2015,"<"&M16)) | P15: {=_xlfn.SEQUENCE(((Q1-Q4)/Q5)+1, 1, Q4, Q5)} | Q15: =IF(P15="","",COUNTIFS($C$18:$C$2015,P$13,$D$18:$D$2015,">="&P15,$D$18:$D$2015,"<"&P16)) | S15: {=_xlfn.SEQUENCE(((T1-T4)/T5)+1, 1, T4, T5)} | T15: =IF(S15="","",COUNTIFS($C$18:$C$2015,S$13,$D$18:$D$2015,">="&S15,$D$18:$D$2015,"<"&S16)) | V15: {=_xlfn.SEQUENCE(((W1-W4)/W5)+1, 1, W4, W5)} | W15: =IF(V15="","",COUNTIFS($C$18:$C$2015,V$13,$D$18:$D$2015,">="&V15,$D$18:$D$2015,"<"&V16)) | Y15: {=_xlfn.SEQUENCE(((Z1-Z4)/Z5)+1, 1, Z4, Z5)} | Z15: =IF(Y15="","",COUNTIFS($C$18:$C$2015,Y$13,$D$18:$D$2015,">="&Y15,$D$18:$D$2015,"<"&Y16)) | AB15: {=_xlfn.SEQUENCE(((AC1-AC4)/AC5)+1, 1, AC4, AC5)} | AC15: =IF(AB15="","",COUNTIFS($C$18:$C$2015,AB$13,$D$18:$D$2015,">="&AB15,$D$18:$D$2015,"<"&AB16))
G16: 11 | H16: =IF(G16="","",COUNTIFS($C$18:$C$2015,G$13,$D$18:$D$2015,">="&G16,$D$18:$D$2015,"<"&G17)) | J16: 15 | K16: =IF(J16="","",COUNTIFS($C$18:$C$2015,J$13,$D$18:$D$2015,">="&J16,$D$18:$D$2015,"<"&J17)) | M16: 12 | N16: =IF(M16="","",COUNTIFS($C$18:$C$2015,M$13,$D$18:$D$2015,">="&M16,$D$18:$D$2015,"<"&M17)) | P16: 11 | Q16: =IF(P16="","",COUNTIFS($C$18:$C$2015,P$13,$D$18:$D$2015,">="&P16,$D$18:$D$2015,"<"&P17)) | S16: 12 | T16: =IF(S16="","",COUNTIFS($C$18:$C$2015,S$13,$D$18:$D$2015,">="&S16,$D$18:$D$2015,"<"&S17)) | V16: 12 | W16: =IF(V16="","",COUNTIFS($C$18:$C$2015,V$13,$D$18:$D$2015,">="&V16,$D$18:$D$2015,"<"&V17)) | Y16: 12 | Z16: =IF(Y16="","",COUNTIFS($C$18:$C$2015,Y$13,$D$18:$D$2015,">="&Y16,$D$18:$D$2015,"<"&Y17)) | AB16: 11 | AC16: =IF(AB16="","",COUNTIFS($C$18:$C$2015,AB$13,$D$18:$D$2015,">="&AB16,$D$18:$D$2015,"<"&AB17))
G17: 12 | H17: =IF(G17="","",COUNTIFS($C$18:$C$2015,G$13,$D$18:$D$2015,">="&G17,$D$18:$D$2015,"<"&G18)) | J17: 20 | K17: =IF(J17="","",COUNTIFS($C$18:$C$2015,J$13,$D$18:$D$2015,">="&J17,$D$18:$D$2015,"<"&J18)) | M17: 14 | N17: =IF(M17="","",COUNTIFS($C$18:$C$2015,M$13,$D$18:$D$2015,">="&M17,$D$18:$D$2015,"<"&M18)) | P17: 12 | Q17: =IF(P17="","",COUNTIFS($C$18:$C$2015,P$13,$D$18:$D$2015,">="&P17,$D$18:$D$2015,"<"&P18)) | S17: 14 | T17: =IF(S17="","",COUNTIFS($C$18:$C$2015,S$13,$D$18:$D$2015,">="&S17,$D$18:$D$2015,"<"&S18)) | V17: 14 | W17: =IF(V17="","",COUNTIFS($C$18:$C$2015,V$13,$D$18:$D$2015,">="&V17,$D$18:$D$2015,"<"&V18)) | Y17: 14 | Z17: =IF(Y17="","",COUNTIFS($C$18:$C$2015,Y$13,$D$18:$D$2015,">="&Y17,$D$18:$D$2015,"<"&Y18)) | AB17: 12 | AC17: =IF(AB17="","",COUNTIFS($C$18:$C$2015,AB$13,$D$18:$D$2015,">="&AB17,$D$18:$D$2015,"<"&AB18))
G18: 13 | H18: =IF(G18="","",COUNTIFS($C$18:$C$2015,G$13,$D$18:$D$2015,">="&G18,$D$18:$D$2015,"<"&G19)) | J18: 25 | K18: =IF(J18="","",COUNTIFS($C$18:$C$2015,J$13,$D$18:$D$2015,">="&J18,$D$18:$D$2015,"<"&J19)) | M18: 16 | N18: =IF(M18="","",COUNTIFS($C$18:$C$2015,M$13,$D$18:$D$2015,">="&M18,$D$18:$D$2015,"<"&M19)) | P18: 13 | Q18: =IF(P18="","",COUNTIFS($C$18:$C$2015,P$13,$D$18:$D$2015,">="&P18,$D$18:$D$2015,"<"&P19)) | S18: 16 | T18: =IF(S18="","",COUNTIFS($C$18:$C$2015,S$13,$D$18:$D$2015,">="&S18,$D$18:$D$2015,"<"&S19)) | V18: 16 | W18: =IF(V18="","",COUNTIFS($C$18:$C$2015,V$13,$D$18:$D$2015,">="&V18,$D$18:$D$2015,"<"&V19)) | Y18: 16 | Z18: =IF(Y18="","",COUNTIFS($C$18:$C$2015,Y$13,$D$18:$D$2015,">="&Y18,$D$18:$D$2015,"<"&Y19)) | AB18: 13 | AC18: =IF(AB18="","",COUNTIFS($C$18:$C$2015,AB$13,$D$18:$D$2015,">="&AB18,$D$18:$D$2015,"<"&AB19))
G19: 14 | H19: =IF(G19="","",COUNTIFS($C$18:$C$2015,G$13,$D$18:$D$2015,">="&G19,$D$18:$D$2015,"<"&G20)) | J19: 30 | K19: =IF(J19="","",COUNTIFS($C$18:$C$2015,J$13,$D$18:$D$2015,">="&J19,$D$18:$D$2015,"<"&J20)) | M19: 18 | N19: =IF(M19="","",COUNTIFS($C$18:$C$2015,M$13,$D$18:$D$2015,">="&M19,$D$18:$D$2015,"<"&M20)) | P19: 14 | Q19: =IF(P19="","",COUNTIFS($C$18:$C$2015,P$13,$D$18:$D$2015,">="&P19,$D$18:$D$2015,"<"&P20)) | S19: 18 | T19: =IF(S19="","",COUNTIFS($C$18:$C$2015,S$13,$D$18:$D$2015,">="&S19,$D$18:$D$2015,"<"&S20)) | V19: 18 | W19: =IF(V19="","",COUNTIFS($C$18:$C$2015,V$13,$D$18:$D$2015,">="&V19,$D$18:$D$2015,"<"&V20)) | Y19: 18 | Z19: =IF(Y19="","",COUNTIFS($C$18:$C$2015,Y$13,$D$18:$D$2015,">="&Y19,$D$18:$D$2015,"<"&Y20)) | AB19: 14 | AC19: =IF(AB19="","",COUNTIFS($C$18:$C$2015,AB$13,$D$18:$D$2015,">="&AB19,$D$18:$D$2015,"<"&AB20))
G20: 15 | H20: =IF(G20="","",COUNTIFS($C$18:$C$2015,G$13,$D$18:$D$2015,">="&G20,$D$18:$D$2015,"<"&G21)) | J20: 35 | K20: =IF(J20="","",COUNTIFS($C$18:$C$2015,J$13,$D$18:$D$2015,">="&J20,$D$18:$D$2015,"<"&J21)) | M20: 20 | N20: =IF(M20="","",COUNTIFS($C$18:$C$2015,M$13,$D$18:$D$2015,">="&M20,$D$18:$D$2015,"<"&M21)) | P20: 15 | Q20: =IF(P20="","",COUNTIFS($C$18:$C$2015,P$13,$D$18:$D$2015,">="&P20,$D$18:$D$2015,"<"&P21)) | S20: 20 | T20: =IF(S20="","",COUNTIFS($C$18:$C$2015,S$13,$D$18:$D$2015,">="&S20,$D$18:$D$2015,"<"&S21)) | V20: 20 | W20: =IF(V20="","",COUNTIFS($C$18:$C$2015,V$13,$D$18:$D$2015,">="&V20,$D$18:$D$2015,"<"&V21)) | Y20: 20 | Z20: =IF(Y20="","",COUNTIFS($C$18:$C$2015,Y$13,$D$18:$D$2015,">="&Y20,$D$18:$D$2015,"<"&Y21)) | AB20: 15 | AC20: =IF(AB20="","",COUNTIFS($C$18:$C$2015,AB$13,$D$18:$D$2015,">="&AB20,$D$18:$D$2015,"<"&AB21))
G21: 16 | H21: =IF(G21="","",COUNTIFS($C$18:$C$2015,G$13,$D$18:$D$2015,">="&G21,$D$18:$D$2015,"<"&G22)) | J21: 40 | K21: =IF(J21="","",COUNTIFS($C$18:$C$2015,J$13,$D$18:$D$2015,">="&J21,$D$18:$D$2015,"<"&J22)) | M21: 22 | N21: =IF(M21="","",COUNTIFS($C$18:$C$2015,M$13,$D$18:$D$2015,">="&M21,$D$18:$D$2015,"<"&M22)) | P21: 16 | Q21: =IF(P21="","",COUNTIFS($C$18:$C$2015,P$13,$D$18:$D$2015,">="&P21,$D$18:$D$2015,"<"&P22)) | S21: 22 | T21: =IF(S21="","",COUNTIFS($C$18:$C$2015,S$13,$D$18:$D$2015,">="&S21,$D$18:$D$2015,"<"&S22)) | V21: 22 | W21: =IF(V21="","",COUNTIFS($C$18:$C$2015,V$13,$D$18:$D$2015,">="&V21,$D$18:$D$2015,"<"&V22)) | Y21: 22 | Z21: =IF(Y21="","",COUNTIFS($C$18:$C$2015,Y$13,$D$18:$D$2015,">="&Y21,$D$18:$D$2015,"<"&Y22)) | AB21: 16 | AC21: =IF(AB21="","",COUNTIFS($C$18:$C$2015,AB$13,$D$18:$D$2015,">="&AB21,$D$18:$D$2015,"<"&AB22))
G22: 17 | H22: =IF(G22="","",COUNTIFS($C$18:$C$2015,G$13,$D$18:$D$2015,">="&G22,$D$18:$D$2015,"<"&G23)) | J22: 45 | K22: =IF(J22="","",COUNTIFS($C$18:$C$2015,J$13,$D$18:$D$2015,">="&J22,$D$18:$D$2015,"<"&J23)) | M22: 24 | N22: =IF(M22="","",COUNTIFS($C$18:$C$2015,M$13,$D$18:$D$2015,">="&M22,$D$18:$D$2015,"<"&M23)) | P22: 17 | Q22: =IF(P22="","",COUNTIFS($C$18:$C$2015,P$13,$D$18:$D$2015,">="&P22,$D$18:$D$2015,"<"&P23)) | S22: 24 | T22: =IF(S22="","",COUNTIFS($C$18:$C$2015,S$13,$D$18:$D$2015,">="&S22,$D$18:$D$2015,"<"&S23)) | V22: 24 | W22: =IF(V22="","",COUNTIFS($C$18:$C$2015,V$13,$D$18:$D$2015,">="&V22,$D$18:$D$2015,"<"&V23)) | Y22: 24 | Z22: =IF(Y22="","",COUNTIFS($C$18:$C$2015,Y$13,$D$18:$D$2015,">="&Y22,$D$18:$D$2015,"<"&Y23)) | AB22: 17 | AC22: =IF(AB22="","",COUNTIFS($C$18:$C$2015,AB$13,$D$18:$D$2015,">="&AB22,$D$18:$D$2015,"<"&AB23))
G23: 18 | H23: =IF(G23="","",COUNTIFS($C$18:$C$2015,G$13,$D$18:$D$2015,">="&G23,$D$18:$D$2015,"<"&G24)) | J23: 50 | K23: =IF(J23="","",COUNTIFS($C$18:$C$2015,J$13,$D$18:$D$2015,">="&J23,$D$18:$D$2015,"<"&J24)) | M23: 26 | N23: =IF(M23="","",COUNTIFS($C$18:$C$2015,M$13,$D$18:$D$2015,">="&M23,$D$18:$D$2015,"<"&M24)) | P23: 18 | Q23: =IF(P23="","",COUNTIFS($C$18:$C$2015,P$13,$D$18:$D$2015,">="&P23,$D$18:$D$2015,"<"&P24)) | S23: 26 | T23: =IF(S23="","",COUNTIFS($C$18:$C$2015,S$13,$D$18:$D$2015,">="&S23,$D$18:$D$2015,"<"&S24)) | V23: 26 | W23: =IF(V23="","",COUNTIFS($C$18:$C$2015,V$13,$D$18:$D$2015,">="&V23,$D$18:$D$2015,"<"&V24)) | Y23: 26 | Z23: =IF(Y23="","",COUNTIFS($C$18:$C$2015,Y$13,$D$18:$D$2015,">="&Y23,$D$18:$D$2015,"<"&Y24)) | AB23: 18 | AC23: =IF(AB23="","",COUNTIFS($C$18:$C$2015,AB$13,$D$18:$D$2015,">="&AB23,$D$18:$D$2015,"<"&AB24))
G24: 19 | H24: =IF(G24="","",COUNTIFS($C$18:$C$2015,G$13,$D$18:$D$2015,">="&G24,$D$18:$D$2015,"<"&G25)) | J24: 55 | K24: =IF(J24="","",COUNTIFS($C$18:$C$2015,J$13,$D$18:$D$2015,">="&J24,$D$18:$D$2015,"<"&J25)) | M24: 28 | N24: =IF(M24="","",COUNTIFS($C$18:$C$2015,M$13,$D$18:$D$2015,">="&M24,$D$18:$D$2015,"<"&M25)) | P24: 19 | Q24: =IF(P24="","",COUNTIFS($C$18:$C$2015,P$13,$D$18:$D$2015,">="&P24,$D$18:$D$2015,"<"&P25)) | S24: 28 | T24: =IF(S24="","",COUNTIFS($C$18:$C$2015,S$13,$D$18:$D$2015,">="&S24,$D$18:$D$2015,"<"&S25)) | V24: 28 | W24: =IF(V24="","",COUNTIFS($C$18:$C$2015,V$13,$D$18:$D$2015,">="&V24,$D$18:$D$2015,"<"&V25)) | Y24: 28 | Z24: =IF(Y24="","",COUNTIFS($C$18:$C$2015,Y$13,$D$18:$D$2015,">="&Y24,$D$18:$D$2015,"<"&Y25)) | AB24: 19 | AC24: =IF(AB24="","",COUNTIFS($C$18:$C$2015,AB$13,$D$18:$D$2015,">="&AB24,$D$18:$D$2015,"<"&AB25))
G25: 20 | H25: =IF(G25="","",COUNTIFS($C$18:$C$2015,G$13,$D$18:$D$2015,">="&G25,$D$18:$D$2015,"<"&G26)) | J25: 60 | K25: =IF(J25="","",COUNTIFS($C$18:$C$2015,J$13,$D$18:$D$2015,">="&J25,$D$18:$D$2015,"<"&J26)) | M25: 30 | N25: =IF(M25="","",COUNTIFS($C$18:$C$2015,M$13,$D$18:$D$2015,">="&M25,$D$18:$D$2015,"<"&M26)) | P25: 20 | Q25: =IF(P25="","",COUNTIFS($C$18:$C$2015,P$13,$D$18:$D$2015,">="&P25,$D$18:$D$2015,"<"&P26)) | S25: 30 | T25: =IF(S25="","",COUNTIFS($C$18:$C$2015,S$13,$D$18:$D$2015,">="&S25,$D$18:$D$2015,"<"&S26)) | V25: 30 | W25: =IF(V25="","",COUNTIFS($C$18:$C$2015,V$13,$D$18:$D$2015,">="&V25,$D$18:$D$2015,"<"&V26)) | Y25: 30 | Z25: =IF(Y25="","",COUNTIFS($C$18:$C$2015,Y$13,$D$18:$D$2015,">="&Y25,$D$18:$D$2015,"<"&Y26)) | AB25: 20 | AC25: =IF(AB25="","",COUNTIFS($C$18:$C$2015,AB$13,$D$18:$D$2015,">="&AB25,$D$18:$D$2015,"<"&AB26))
G26: 21 | H26: =IF(G26="","",COUNTIFS($C$18:$C$2015,G$13,$D$18:$D$2015,">="&G26,$D$18:$D$2015,"<"&G27)) | J26: 65 | K26: =IF(J26="","",COUNTIFS($C$18:$C$2015,J$13,$D$18:$D$2015,">="&J26,$D$18:$D$2015,"<"&J27)) | M26: 32 | N26: =IF(M26="","",COUNTIFS($C$18:$C$2015,M$13,$D$18:$D$2015,">="&M26,$D$18:$D$2015,"<"&M27)) | P26: 21 | Q26: =IF(P26="","",COUNTIFS($C$18:$C$2015,P$13,$D$18:$D$2015,">="&P26,$D$18:$D$2015,"<"&P27)) | S26: 32 | T26: =IF(S26="","",COUNTIFS($C$18:$C$2015,S$13,$D$18:$D$2015,">="&S26,$D$18:$D$2015,"<"&S27)) | V26: 32 | W26: =IF(V26="","",COUNTIFS($C$18:$C$2015,V$13,$D$18:$D$2015,">="&V26,$D$18:$D$2015,"<"&V27)) | Y26: 32 | Z26: =IF(Y26="","",COUNTIFS($C$18:$C$2015,Y$13,$D$18:$D$2015,">="&Y26,$D$18:$D$2015,"<"&Y27)) | AB26: 21 | AC26: =IF(AB26="","",COUNTIFS($C$18:$C$2015,AB$13,$D$18:$D$2015,">="&AB26,$D$18:$D$2015,"<"&AB27))
G27: 22 | H27: =IF(G27="","",COUNTIFS($C$18:$C$2015,G$13,$D$18:$D$2015,">="&G27,$D$18:$D$2015,"<"&G28)) | J27: 70 | K27: =IF(J27="","",COUNTIFS($C$18:$C$2015,J$13,$D$18:$D$2015,">="&J27,$D$18:$D$2015,"<"&J28)) | M27: 34 | N27: =IF(M27="","",COUNTIFS($C$18:$C$2015,M$13,$D$18:$D$2015,">="&M27,$D$18:$D$2015,"<"&M28)) | P27: 22 | Q27: =IF(P27="","",COUNTIFS($C$18:$C$2015,P$13,$D$18:$D$2015,">="&P27,$D$18:$D$2015,"<"&P28)) | S27: 34 | T27: =IF(S27="","",COUNTIFS($C$18:$C$2015,S$13,$D$18:$D$2015,">="&S27,$D$18:$D$2015,"<"&S28)) | V27: 34 | W27: =IF(V27="","",COUNTIFS($C$18:$C$2015,V$13,$D$18:$D$2015,">="&V27,$D$18:$D$2015,"<"&V28)) | Y27: 34 | Z27: =IF(Y27="","",COUNTIFS($C$18:$C$2015,Y$13,$D$18:$D$2015,">="&Y27,$D$18:$D$2015,"<"&Y28)) | AB27: 22 | AC27: =IF(AB27="","",COUNTIFS($C$18:$C$2015,AB$13,$D$18:$D$2015,">="&AB27,$D$18:$D$2015,"<"&AB28))
... G43: 38 | H43: =IF(G43="","",COUNTIFS($C$18:$C$2015,G$13,$D$18:$D$2015,">="&G43,$D$18:$D$2015,"<"&G44)) | J43: 150 | K43: =IF(J43="","",COUNTIFS($C$18:$C$2015,J$13,$D$18:$D$2015,">="&J43,$D$18:$D$2015,"<"&J44)) | M43: 66 | N43: =IF(M43="","",COUNTIFS($C$18:$C$2015,M$13,$D$18:$D$2015,">="&M43,$D$18:$D$2015,"<"&M44)) | P43: 38 | Q43: =IF(P43="","",COUNTIFS($C$18:$C$2015,P$13,$D$18:$D$2015,">="&P43,$D$18:$D$2015,"<"&P44)) | S43: 66 | T43: =IF(S43="","",COUNTIFS($C$18:$C$2015,S$13,$D$18:$D$2015,">="&S43,$D$18:$D$2015,"<"&S44)) | V43: 66 | W43: =IF(V43="","",COUNTIFS($C$18:$C$2015,V$13,$D$18:$D$2015,">="&V43,$D$18:$D$2015,"<"&V44)) | Y43: 66 | Z43: =IF(Y43="","",COUNTIFS($C$18:$C$2015,Y$13,$D$18:$D$2015,">="&Y43,$D$18:$D$2015,"<"&Y44)) | AB43: 38 | AC43: =IF(AB43="","",COUNTIFS($C$18:$C$2015,AB$13,$D$18:$D$2015,">="&AB43,$D$18:$D$2015,"<"&AB44))
G44: 39 | H44: =IF(G44="","",COUNTIFS($C$18:$C$2015,G$13,$D$18:$D$2015,">="&G44,$D$18:$D$2015,"<"&G45)) | K44: =IF(J44="","",COUNTIFS($C$18:$C$2015,J$13,$D$18:$D$2015,">="&J44,$D$18:$D$2015,"<"&J45)) | M44: 68 | N44: =IF(M44="","",COUNTIFS($C$18:$C$2015,M$13,$D$18:$D$2015,">="&M44,$D$18:$D$2015,"<"&M45)) | P44: 39 | Q44: =IF(P44="","",COUNTIFS($C$18:$C$2015,P$13,$D$18:$D$2015,">="&P44,$D$18:$D$2015,"<"&P45)) | S44: 68 | T44: =IF(S44="","",COUNTIFS($C$18:$C$2015,S$13,$D$18:$D$2015,">="&S44,$D$18:$D$2015,"<"&S45)) | V44: 68 | W44: =IF(V44="","",COUNTIFS($C$18:$C$2015,V$13,$D$18:$D$2015,">="&V44,$D$18:$D$2015,"<"&V45)) | Y44: 68 | Z44: =IF(Y44="","",COUNTIFS($C$18:$C$2015,Y$13,$D$18:$D$2015,">="&Y44,$D$18:$D$2015,"<"&Y45)) | AB44: 39 | AC44: =IF(AB44="","",COUNTIFS($C$18:$C$2015,AB$13,$D$18:$D$2015,">="&AB44,$D$18:$D$2015,"<"&AB45))
G45: 40 | H45: =IF(G45="","",COUNTIFS($C$18:$C$2015,G$13,$D$18:$D$2015,">="&G45,$D$18:$D$2015,"<"&G46)) | K45: =IF(J45="","",COUNTIFS($C$18:$C$2015,J$13,$D$18:$D$2015,">="&J45,$D$18:$D$2015,"<"&J46)) | M45: 70 | N45: =IF(M45="","",COUNTIFS($C$18:$C$2015,M$13,$D$18:$D$2015,">="&M45,$D$18:$D$2015,"<"&M46)) | P45: 40 | Q45: =IF(P45="","",COUNTIFS($C$18:$C$2015,P$13,$D$18:$D$2015,">="&P45,$D$18:$D$2015,"<"&P46)) | S45: 70 | T45: =IF(S45="","",COUNTIFS($C$18:$C$2015,S$13,$D$18:$D$2015,">="&S45,$D$18:$D$2015,"<"&S46)) | V45: 70 | W45: =IF(V45="","",COUNTIFS($C$18:$C$2015,V$13,$D$18:$D$2015,">="&V45,$D$18:$D$2015,"<"&V46)) | Y45: 70 | Z45: =IF(Y45="","",COUNTIFS($C$18:$C$2015,Y$13,$D$18:$D$2015,">="&Y45,$D$18:$D$2015,"<"&Y46)) | AB45: 40 | AC45: =IF(AB45="","",COUNTIFS($C$18:$C$2015,AB$13,$D$18:$D$2015,">="&AB45,$D$18:$D$2015,"<"&AB46))
G46: 41 | H46: =IF(G46="","",COUNTIFS($C$18:$C$2015,G$13,$D$18:$D$2015,">="&G46,$D$18:$D$2015,"<"&G47)) | K46: =IF(J46="","",COUNTIFS($C$18:$C$2015,J$13,$D$18:$D$2015,">="&J46,$D$18:$D$2015,"<"&J47)) | M46: 72 | N46: =IF(M46="","",COUNTIFS($C$18:$C$2015,M$13,$D$18:$D$2015,">="&M46,$D$18:$D$2015,"<"&M47)) | P46: 41 | Q46: =IF(P46="","",COUNTIFS($C$18:$C$2015,P$13,$D$18:$D$2015,">="&P46,$D$18:$D$2015,"<"&P47)) | S46: 72 | T46: =IF(S46="","",COUNTIFS($C$18:$C$2015,S$13,$D$18:$D$2015,">="&S46,$D$18:$D$2015,"<"&S47)) | V46: 72 | W46: =IF(V46="","",COUNTIFS($C$18:$C$2015,V$13,$D$18:$D$2015,">="&V46,$D$18:$D$2015,"<"&V47)) | Y46: 72 | Z46: =IF(Y46="","",COUNTIFS($C$18:$C$2015,Y$13,$D$18:$D$2015,">="&Y46,$D$18:$D$2015,"<"&Y47)) | AB46: 41 | AC46: =IF(AB46="","",COUNTIFS($C$18:$C$2015,AB$13,$D$18:$D$2015,">="&AB46,$D$18:$D$2015,"<"&AB47))
G47: 42 | H47: =IF(G47="","",COUNTIFS($C$18:$C$2015,G$13,$D$18:$D$2015,">="&G47,$D$18:$D$2015,"<"&G48)) | K47: =IF(J47="","",COUNTIFS($C$18:$C$2015,J$13,$D$18:$D$2015,">="&J47,$D$18:$D$2015,"<"&J48)) | M47: 74 | N47: =IF(M47="","",COUNTIFS($C$18:$C$2015,M$13,$D$18:$D$2015,">="&M47,$D$18:$D$2015,"<"&M48)) | P47: 42 | Q47: =IF(P47="","",COUNTIFS($C$18:$C$2015,P$13,$D$18:$D$2015,">="&P47,$D$18:$D$2015,"<"&P48)) | S47: 74 | T47: =IF(S47="","",COUNTIFS($C$18:$C$2015,S$13,$D$18:$D$2015,">="&S47,$D$18:$D$2015,"<"&S48)) | V47: 74 | W47: =IF(V47="","",COUNTIFS($C$18:$C$2015,V$13,$D$18:$D$2015,">="&V47,$D$18:$D$2015,"<"&V48)) | Y47: 74 | Z47: =IF(Y47="","",COUNTIFS($C$18:$C$2015,Y$13,$D$18:$D$2015,">="&Y47,$D$18:$D$2015,"<"&Y48)) | AB47: 42 | AC47: =IF(AB47="","",COUNTIFS($C$18:$C$2015,AB$13,$D$18:$D$2015,">="&AB47,$D$18:$D$2015,"<"&AB48))
G48: 43 | H48: =IF(G48="","",COUNTIFS($C$18:$C$2015,G$13,$D$18:$D$2015,">="&G48,$D$18:$D$2015,"<"&G49)) | K48: =IF(J48="","",COUNTIFS($C$18:$C$2015,J$13,$D$18:$D$2015,">="&J48,$D$18:$D$2015,"<"&J49)) | M48: 76 | N48: =IF(M48="","",COUNTIFS($C$18:$C$2015,M$13,$D$18:$D$2015,">="&M48,$D$18:$D$2015,"<"&M49)) | P48: 43 | Q48: =IF(P48="","",COUNTIFS($C$18:$C$2015,P$13,$D$18:$D$2015,">="&P48,$D$18:$D$2015,"<"&P49)) | S48: 76 | T48: =IF(S48="","",COUNTIFS($C$18:$C$2015,S$13,$D$18:$D$2015,">="&S48,$D$18:$D$2015,"<"&S49)) | V48: 76 | W48: =IF(V48="","",COUNTIFS($C$18:$C$2015,V$13,$D$18:$D$2015,">="&V48,$D$18:$D$2015,"<"&V49)) | Y48: 76 | Z48: =IF(Y48="","",COUNTIFS($C$18:$C$2015,Y$13,$D$18:$D$2015,">="&Y48,$D$18:$D$2015,"<"&Y49)) | AB48: 43 | AC48: =IF(AB48="","",COUNTIFS($C$18:$C$2015,AB$13,$D$18:$D$2015,">="&AB48,$D$18:$D$2015,"<"&AB49))
G49: 44 | H49: =IF(G49="","",COUNTIFS($C$18:$C$2015,G$13,$D$18:$D$2015,">="&G49,$D$18:$D$2015,"<"&G50)) | K49: =IF(J49="","",COUNTIFS($C$18:$C$2015,J$13,$D$18:$D$2015,">="&J49,$D$18:$D$2015,"<"&J50)) | M49: 78 | N49: =IF(M49="","",COUNTIFS($C$18:$C$2015,M$13,$D$18:$D$2015,">="&M49,$D$18:$D$2015,"<"&M50)) | P49: 44 | Q49: =IF(P49="","",COUNTIFS($C$18:$C$2015,P$13,$D$18:$D$2015,">="&P49,$D$18:$D$2015,"<"&P50)) | S49: 78 | T49: =IF(S49="","",COUNTIFS($C$18:$C$2015,S$13,$D$18:$D$2015,">="&S49,$D$18:$D$2015,"<"&S50)) | V49: 78 | W49: =IF(V49="","",COUNTIFS($C$18:$C$2015,V$13,$D$18:$D$2015,">="&V49,$D$18:$D$2015,"<"&V50)) | Y49: 78 | Z49: =IF(Y49="","",COUNTIFS($C$18:$C$2015,Y$13,$D$18:$D$2015,">="&Y49,$D$18:$D$2015,"<"&Y50)) | AB49: 44 | AC49: =IF(AB49="","",COUNTIFS($C$18:$C$2015,AB$13,$D$18:$D$2015,">="&AB49,$D$18:$D$2015,"<"&AB50))
G50: 45 | H50: =IF(G50="","",COUNTIFS($C$18:$C$2015,G$13,$D$18:$D$2015,">="&G50,$D$18:$D$2015,"<"&G51)) | K50: =IF(J50="","",COUNTIFS($C$18:$C$2015,J$13,$D$18:$D$2015,">="&J50,$D$18:$D$2015,"<"&J51)) | M50: 80 | N50: =IF(M50="","",COUNTIFS($C$18:$C$2015,M$13,$D$18:$D$2015,">="&M50,$D$18:$D$2015,"<"&M51)) | P50: 45 | Q50: =IF(P50="","",COUNTIFS($C$18:$C$2015,P$13,$D$18:$D$2015,">="&P50,$D$18:$D$2015,"<"&P51)) | S50: 80 | T50: =IF(S50="","",COUNTIFS($C$18:$C$2015,S$13,$D$18:$D$2015,">="&S50,$D$18:$D$2015,"<"&S51)) | V50: 80 | W50: =IF(V50="","",COUNTIFS($C$18:$C$2015,V$13,$D$18:$D$2015,">="&V50,$D$18:$D$2015,"<"&V51)) | Y50: 80 | Z50: =IF(Y50="","",COUNTIFS($C$18:$C$2015,Y$13,$D$18:$D$2015,">="&Y50,$D$18:$D$2015,"<"&Y51)) | AB50: 45 | AC50: =IF(AB50="","",COUNTIFS($C$18:$C$2015,AB$13,$D$18:$D$2015,">="&AB50,$D$18:$D$2015,"<"&AB51))
G51: 46 | H51: =IF(G51="","",COUNTIFS($C$18:$C$2015,G$13,$D$18:$D$2015,">="&G51,$D$18:$D$2015,"<"&G52)) | K51: =IF(J51="","",COUNTIFS($C$18:$C$2015,J$13,$D$18:$D$2015,">="&J51,$D$18:$D$2015,"<"&J52)) | M51: 82 | N51: =IF(M51="","",COUNTIFS($C$18:$C$2015,M$13,$D$18:$D$2015,">="&M51,$D$18:$D$2015,"<"&M52)) | P51: 46 | Q51: =IF(P51="","",COUNTIFS($C$18:$C$2015,P$13,$D$18:$D$2015,">="&P51,$D$18:$D$2015,"<"&P52)) | S51: 82 | T51: =IF(S51="","",COUNTIFS($C$18:$C$2015,S$13,$D$18:$D$2015,">="&S51,$D$18:$D$2015,"<"&S52)) | W51: =IF(V51="","",COUNTIFS($C$18:$C$2015,V$13,$D$18:$D$2015,">="&V51,$D$18:$D$2015,"<"&V52)) | Z51: =IF(Y51="","",COUNTIFS($C$18:$C$2015,Y$13,$D$18:$D$2015,">="&Y51,$D$18:$D$2015,"<"&Y52)) | AB51: 46 | AC51: =IF(AB51="","",COUNTIFS($C$18:$C$2015,AB$13,$D$18:$D$2015,">="&AB51,$D$18:$D$2015,"<"&AB52))
G52: 47 | H52: =IF(G52="","",COUNTIFS($C$18:$C$2015,G$13,$D$18:$D$2015,">="&G52,$D$18:$D$2015,"<"&G53)) | K52: =IF(J52="","",COUNTIFS($C$18:$C$2015,J$13,$D$18:$D$2015,">="&J52,$D$18:$D$2015,"<"&J53)) | M52: 84 | N52: =IF(M52="","",COUNTIFS($C$18:$C$2015,M$13,$D$18:$D$2015,">="&M52,$D$18:$D$2015,"<"&M53)) | P52: 47 | Q52: =IF(P52="","",COUNTIFS($C$18:$C$2015,P$13,$D$18:$D$2015,">="&P52,$D$18:$D$2015,"<"&P53)) | S52: 84 | T52: =IF(S52="","",COUNTIFS($C$18:$C$2015,S$13,$D$18:$D$2015,">="&S52,$D$18:$D$2015,"<"&S53)) | W52: =IF(V52="","",COUNTIFS($C$18:$C$2015,V$13,$D$18:$D$2015,">="&V52,$D$18:$D$2015,"<"&V53)) | Z52: =IF(Y52="","",COUNTIFS($C$18:$C$2015,Y$13,$D$18:$D$2015,">="&Y52,$D$18:$D$2015,"<"&Y53)) | AB52: 47 | AC52: =IF(AB52="","",COUNTIFS($C$18:$C$2015,AB$13,$D$18:$D$2015,">="&AB52,$D$18:$D$2015,"<"&AB53))
G53: 48 | H53: =IF(G53="","",COUNTIFS($C$18:$C$2015,G$13,$D$18:$D$2015,">="&G53,$D$18:$D$2015,"<"&G54)) | K53: =IF(J53="","",COUNTIFS($C$18:$C$2015,J$13,$D$18:$D$2015,">="&J53,$D$18:$D$2015,"<"&J54)) | M53: 86 | N53: =IF(M53="","",COUNTIFS($C$18:$C$2015,M$13,$D$18:$D$2015,">="&M53,$D$18:$D$2015,"<"&M54)) | P53: 48 | Q53: =IF(P53="","",COUNTIFS($C$18:$C$2015,P$13,$D$18:$D$2015,">="&P53,$D$18:$D$2015,"<"&P54)) | S53: 86 | T53: =IF(S53="","",COUNTIFS($C$18:$C$2015,S$13,$D$18:$D$2015,">="&S53,$D$18:$D$2015,"<"&S54)) | W53: =IF(V53="","",COUNTIFS($C$18:$C$2015,V$13,$D$18:$D$2015,">="&V53,$D$18:$D$2015,"<"&V54)) | Z53: =IF(Y53="","",COUNTIFS($C$18:$C$2015,Y$13,$D$18:$D$2015,">="&Y53,$D$18:$D$2015,"<"&Y54)) | AB53: 48 | AC53: =IF(AB53="","",COUNTIFS($C$18:$C$2015,AB$13,$D$18:$D$2015,">="&AB53,$D$18:$D$2015,"<"&AB54))
G54: 49 | H54: =IF(G54="","",COUNTIFS($C$18:$C$2015,G$13,$D$18:$D$2015,">="&G54,$D$18:$D$2015,"<"&G55)) | K54: =IF(J54="","",COUNTIFS($C$18:$C$2015,J$13,$D$18:$D$2015,">="&J54,$D$18:$D$2015,"<"&J55)) | M54: 88 | N54: =IF(M54="","",COUNTIFS($C$18:$C$2015,M$13,$D$18:$D$2015,">="&M54,$D$18:$D$2015,"<"&M55)) | P54: 49 | Q54: =IF(P54="","",COUNTIFS($C$18:$C$2015,P$13,$D$18:$D$2015,">="&P54,$D$18:$D$2015,"<"&P55)) | S54: 88 | T54: =IF(S54="","",COUNTIFS($C$18:$C$2015,S$13,$D$18:$D$2015,">="&S54,$D$18:$D$2015,"<"&S55)) | W54: =IF(V54="","",COUNTIFS($C$18:$C$2015,V$13,$D$18:$D$2015,">="&V54,$D$18:$D$2015,"<"&V55)) | Z54: =IF(Y54="","",COUNTIFS($C$18:$C$2015,Y$13,$D$18:$D$2015,">="&Y54,$D$18:$D$2015,"<"&Y55)) | AB54: 49 | AC54: =IF(AB54="","",COUNTIFS($C$18:$C$2015,AB$13,$D$18:$D$2015,">="&AB54,$D$18:$D$2015,"<"&AB55))
G55: 50 | H55: =IF(G55="","",COUNTIFS($C$18:$C$2015,G$13,$D$18:$D$2015,">="&G55,$D$18:$D$2015,"<"&G56)) | K55: =IF(J55="","",COUNTIFS($C$18:$C$2015,J$13,$D$18:$D$2015,">="&J55,$D$18:$D$2015,"<"&J56)) | M55: 90 | N55: =IF(M55="","",COUNTIFS($C$18:$C$2015,M$13,$D$18:$D$2015,">="&M55,$D$18:$D$2015,"<"&M56)) | P55: 50 | Q55: =IF(P55="","",COUNTIFS($C$18:$C$2015,P$13,$D$18:$D$2015,">="&P55,$D$18:$D$2015,"<"&P56)) | S55: 90 | T55: =IF(S55="","",COUNTIFS($C$18:$C$2015,S$13,$D$18:$D$2015,">="&S55,$D$18:$D$2015,"<"&S56)) | W55: =IF(V55="","",COUNTIFS($C$18:$C$2015,V$13,$D$18:$D$2015,">="&V55,$D$18:$D$2015,"<"&V56)) | Z55: =IF(Y55="","",COUNTIFS($C$18:$C$2015,Y$13,$D$18:$D$2015,">="&Y55,$D$18:$D$2015,"<"&Y56)) | AB55: 50 | AC55: =IF(AB55="","",COUNTIFS($C$18:$C$2015,AB$13,$D$18:$D$2015,">="&AB55,$D$18:$D$2015,"<"&AB56))
G56: 51 | H56: =IF(G56="","",COUNTIFS($C$18:$C$2015,G$13,$D$18:$D$2015,">="&G56,$D$18:$D$2015,"<"&G57)) | K56: =IF(J56="","",COUNTIFS($C$18:$C$2015,J$13,$D$18:$D$2015,">="&J56,$D$18:$D$2015,"<"&J57)) | N56: =IF(M56="","",COUNTIFS($C$18:$C$2015,M$13,$D$18:$D$2015,">="&M56,$D$18:$D$2015,"<"&M57)) | P56: 51 | Q56: =IF(P56="","",COUNTIFS($C$18:$C$2015,P$13,$D$18:$D$2015,">="&P56,$D$18:$D$2015,"<"&P57)) | S56: 92 | T56: =IF(S56="","",COUNTIFS($C$18:$C$2015,S$13,$D$18:$D$2015,">="&S56,$D$18:$D$2015,"<"&S57)) | W56: =IF(V56="","",COUNTIFS($C$18:$C$2015,V$13,$D$18:$D$2015,">="&V56,$D$18:$D$2015,"<"&V57)) | Z56: =IF(Y56="","",COUNTIFS($C$18:$C$2015,Y$13,$D$18:$D$2015,">="&Y56,$D$18:$D$2015,"<"&Y57)) | AB56: 51 | AC56: =IF(AB56="","",COUNTIFS($C$18:$C$2015,AB$13,$D$18:$D$2015,">="&AB56,$D$18:$D$2015,"<"&AB57))
G57: 52 | H57: =IF(G57="","",COUNTIFS($C$18:$C$2015,G$13,$D$18:$D$2015,">="&G57,$D$18:$D$2015,"<"&G58)) | K57: =IF(J57="","",COUNTIFS($C$18:$C$2015,J$13,$D$18:$D$2015,">="&J57,$D$18:$D$2015,"<"&J58)) | N57: =IF(M57="","",COUNTIFS($C$18:$C$2015,M$13,$D$18:$D$2015,">="&M57,$D$18:$D$2015,"<"&M58)) | P57: 52 | Q57: =IF(P57="","",COUNTIFS($C$18:$C$2015,P$13,$D$18:$D$2015,">="&P57,$D$18:$D$2015,"<"&P58)) | S57: 94 | T57: =IF(S57="","",COUNTIFS($C$18:$C$2015,S$13,$D$18:$D$2015,">="&S57,$D$18:$D$2015,"<"&S58)) | W57: =IF(V57="","",COUNTIFS($C$18:$C$2015,V$13,$D$18:$D$2015,">="&V57,$D$18:$D$2015,"<"&V58)) | Z57: =IF(Y57="","",COUNTIFS($C$18:$C$2015,Y$13,$D$18:$D$2015,">="&Y57,$D$18:$D$2015,"<"&Y58)) | AB57: 52 | AC57: =IF(AB57="","",COUNTIFS($C$18:$C$2015,AB$13,$D$18:$D$2015,">="&AB57,$D$18:$D$2015,"<"&AB58))
G58: 53 | H58: =IF(G58="","",COUNTIFS($C$18:$C$2015,G$13,$D$18:$D$2015,">="&G58,$D$18:$D$2015,"<"&G59)) | K58: =IF(J58="","",COUNTIFS($C$18:$C$2015,J$13,$D$18:$D$2015,">="&J58,$D$18:$D$2015,"<"&J59)) | N58: =IF(M58="","",COUNTIFS($C$18:$C$2015,M$13,$D$18:$D$2015,">="&M58,$D$18:$D$2015,"<"&M59)) | P58: 53 | Q58: =IF(P58="","",COUNTIFS($C$18:$C$2015,P$13,$D$18:$D$2015,">="&P58,$D$18:$D$2015,"<"&P59)) | S58: 96 | T58: =IF(S58="","",COUNTIFS($C$18:$C$2015,S$13,$D$18:$D$2015,">="&S58,$D$18:$D$2015,"<"&S59)) | W58: =IF(V58="","",COUNTIFS($C$18:$C$2015,V$13,$D$18:$D$2015,">="&V58,$D$18:$D$2015,"<"&V59)) | Z58: =IF(Y58="","",COUNTIFS($C$18:$C$2015,Y$13,$D$18:$D$2015,">="&Y58,$D$18:$D$2015,"<"&Y59)) | AB58: 53 | AC58: =IF(AB58="","",COUNTIFS($C$18:$C$2015,AB$13,$D$18:$D$2015,">="&AB58,$D$18:$D$2015,"<"&AB59))
G59: 54 | H59: =IF(G59="","",COUNTIFS($C$18:$C$2015,G$13,$D$18:$D$2015,">="&G59,$D$18:$D$2015,"<"&G60)) | K59: =IF(J59="","",COUNTIFS($C$18:$C$2015,J$13,$D$18:$D$2015,">="&J59,$D$18:$D$2015,"<"&J60)) | N59: =IF(M59="","",COUNTIFS($C$18:$C$2015,M$13,$D$18:$D$2015,">="&M59,$D$18:$D$2015,"<"&M60)) | P59: 54 | Q59: =IF(P59="","",COUNTIFS($C$18:$C$2015,P$13,$D$18:$D$2015,">="&P59,$D$18:$D$2015,"<"&P60)) | S59: 98 | T59: =IF(S59="","",COUNTIFS($C$18:$C$2015,S$13,$D$18:$D$2015,">="&S59,$D$18:$D$2015,"<"&S60)) | W59: =IF(V59="","",COUNTIFS($C$18:$C$2015,V$13,$D$18:$D$2015,">="&V59,$D$18:$D$2015,"<"&V60)) | Z59: =IF(Y59="","",COUNTIFS($C$18:$C$2015,Y$13,$D$18:$D$2015,">="&Y59,$D$18:$D$2015,"<"&Y60)) | AB59: 54 | AC59: =IF(AB59="","",COUNTIFS($C$18:$C$2015,AB$13,$D$18:$D$2015,">="&AB59,$D$18:$D$2015,"<"&AB60))
G60: 55 | H60: =IF(G60="","",COUNTIFS($C$18:$C$2015,G$13,$D$18:$D$2015,">="&G60,$D$18:$D$2015,"<"&G61)) | K60: =IF(J60="","",COUNTIFS($C$18:$C$2015,J$13,$D$18:$D$2015,">="&J60,$D$18:$D$2015,"<"&J61)) | N60: =IF(M60="","",COUNTIFS($C$18:$C$2015,M$13,$D$18:$D$2015,">="&M60,$D$18:$D$2015,"<"&M61)) | P60: 55 | Q60: =IF(P60="","",COUNTIFS($C$18:$C$2015,P$13,$D$18:$D$2015,">="&P60,$D$18:$D$2015,"<"&P61)) | S60: 100 | T60: =IF(S60="","",COUNTIFS($C$18:$C$2015,S$13,$D$18:$D$2015,">="&S60,$D$18:$D$2015,"<"&S61)) | W60: =IF(V60="","",COUNTIFS($C$18:$C$2015,V$13,$D$18:$D$2015,">="&V60,$D$18:$D$2015,"<"&V61)) | Z60: =IF(Y60="","",COUNTIFS($C$18:$C$2015,Y$13,$D$18:$D$2015,">="&Y60,$D$18:$D$2015,"<"&Y61)) | AB60: 55 | AC60: =IF(AB60="","",COUNTIFS($C$18:$C$2015,AB$13,$D$18:$D$2015,">="&AB60,$D$18:$D$2015,"<"&AB61))
G61: 56 | H61: =IF(G61="","",COUNTIFS($C$18:$C$2015,G$13,$D$18:$D$2015,">="&G61,$D$18:$D$2015,"<"&G62)) | K61: =IF(J61="","",COUNTIFS($C$18:$C$2015,J$13,$D$18:$D$2015,">="&J61,$D$18:$D$2015,"<"&J62)) | N61: =IF(M61="","",COUNTIFS($C$18:$C$2015,M$13,$D$18:$D$2015,">="&M61,$D$18:$D$2015,"<"&M62)) | P61: 56 | Q61: =IF(P61="","",COUNTIFS($C$18:$C$2015,P$13,$D$18:$D$2015,">="&P61,$D$18:$D$2015,"<"&P62)) | T61: =IF(S61="","",COUNTIFS($C$18:$C$2015,S$13,$D$18:$D$2015,">="&S61,$D$18:$D$2015,"<"&S62)) | W61: =IF(V61="","",COUNTIFS($C$18:$C$2015,V$13,$D$18:$D$2015,">="&V61,$D$18:$D$2015,"<"&V62)) | Z61: =IF(Y61="","",COUNTIFS($C$18:$C$2015,Y$13,$D$18:$D$2015,">="&Y61,$D$18:$D$2015,"<"&Y62)) | AB61: 56 | AC61: =IF(AB61="","",COUNTIFS($C$18:$C$2015,AB$13,$D$18:$D$2015,">="&AB61,$D$18:$D$2015,"<"&AB62))
G62: 57 | H62: =IF(G62="","",COUNTIFS($C$18:$C$2015,G$13,$D$18:$D$2015,">="&G62,$D$18:$D$2015,"<"&G63)) | K62: =IF(J62="","",COUNTIFS($C$18:$C$2015,J$13,$D$18:$D$2015,">="&J62,$D$18:$D$2015,"<"&J63)) | N62: =IF(M62="","",COUNTIFS($C$18:$C$2015,M$13,$D$18:$D$2015,">="&M62,$D$18:$D$2015,"<"&M63)) | P62: 57 | Q62: =IF(P62="","",COUNTIFS($C$18:$C$2015,P$13,$D$18:$D$2015,">="&P62,$D$18:$D$2015,"<"&P63)) | T62: =IF(S62="","",COUNTIFS($C$18:$C$2015,S$13,$D$18:$D$2015,">="&S62,$D$18:$D$2015,"<"&S63)) | W62: =IF(V62="","",COUNTIFS($C$18:$C$2015,V$13,$D$18:$D$2015,">="&V62,$D$18:$D$2015,"<"&V63)) | Z62: =IF(Y62="","",COUNTIFS($C$18:$C$2015,Y$13,$D$18:$D$2015,">="&Y62,$D$18:$D$2015,"<"&Y63)) | AB62: 57 | AC62: =IF(AB62="","",COUNTIFS($C$18:$C$2015,AB$13,$D$18:$D$2015,">="&AB62,$D$18:$D$2015,"<"&AB63))
G63: 58 | H63: =IF(G63="","",COUNTIFS($C$18:$C$2015,G$13,$D$18:$D$2015,">="&G63,$D$18:$D$2015,"<"&G64)) | K63: =IF(J63="","",COUNTIFS($C$18:$C$2015,J$13,$D$18:$D$2015,">="&J63,$D$18:$D$2015,"<"&J64)) | N63: =IF(M63="","",COUNTIFS($C$18:$C$2015,M$13,$D$18:$D$2015,">="&M63,$D$18:$D$2015,"<"&M64)) | P63: 58 | Q63: =IF(P63="","",COUNTIFS($C$18:$C$2015,P$13,$D$18:$D$2015,">="&P63,$D$18:$D$2015,"<"&P64)) | T63: =IF(S63="","",COUNTIFS($C$18:$C$2015,S$13,$D$18:$D$2015,">="&S63,$D$18:$D$2015,"<"&S64)) | W63: =IF(V63="","",COUNTIFS($C$18:$C$2015,V$13,$D$18:$D$2015,">="&V63,$D$18:$D$2015,"<"&V64)) | Z63: =IF(Y63="","",COUNTIFS($C$18:$C$2015,Y$13,$D$18:$D$2015,">="&Y63,$D$18:$D$2015,"<"&Y64)) | AB63: 58 | AC63: =IF(AB63="","",COUNTIFS($C$18:$C$2015,AB$13,$D$18:$D$2015,">="&AB63,$D$18:$D$2015,"<"&AB64))
G64: 59 | H64: =IF(G64="","",COUNTIFS($C$18:$C$2015,G$13,$D$18:$D$2015,">="&G64,$D$18:$D$2015,"<"&G65)) | K64: =IF(J64="","",COUNTIFS($C$18:$C$2015,J$13,$D$18:$D$2015,">="&J64,$D$18:$D$2015,"<"&J65)) | N64: =IF(M64="","",COUNTIFS($C$18:$C$2015,M$13,$D$18:$D$2015,">="&M64,$D$18:$D$2015,"<"&M65)) | P64: 59 | Q64: =IF(P64="","",COUNTIFS($C$18:$C$2015,P$13,$D$18:$D$2015,">="&P64,$D$18:$D$2015,"<"&P65)) | T64: =IF(S64="","",COUNTIFS($C$18:$C$2015,S$13,$D$18:$D$2015,">="&S64,$D$18:$D$2015,"<"&S65)) | W64: =IF(V64="","",COUNTIFS($C$18:$C$2015,V$13,$D$18:$D$2015,">="&V64,$D$18:$D$2015,"<"&V65)) | Z64: =IF(Y64="","",COUNTIFS($C$18:$C$2015,Y$13,$D$18:$D$2015,">="&Y64,$D$18:$D$2015,"<"&Y65)) | AB64: 59 | AC64: =IF(AB64="","",COUNTIFS($C$18:$C$2015,AB$13,$D$18:$D$2015,">="&AB64,$D$18:$D$2015,"<"&AB65))
G65: 60 | H65: =IF(G65="","",COUNTIFS($C$18:$C$2015,G$13,$D$18:$D$2015,">="&G65,$D$18:$D$2015,"<"&G66)) | K65: =IF(J65="","",COUNTIFS($C$18:$C$2015,J$13,$D$18:$D$2015,">="&J65,$D$18:$D$2015,"<"&J66)) | N65: =IF(M65="","",COUNTIFS($C$18:$C$2015,M$13,$D$18:$D$2015,">="&M65,$D$18:$D$2015,"<"&M66)) | P65: 60 | Q65: =IF(P65="","",COUNTIFS($C$18:$C$2015,P$13,$D$18:$D$2015,">="&P65,$D$18:$D$2015,"<"&P66)) | T65: =IF(S65="","",COUNTIFS($C$18:$C$2015,S$13,$D$18:$D$2015,">="&S65,$D$18:$D$2015,"<"&S66)) | W65: =IF(V65="","",COUNTIFS($C$18:$C$2015,V$13,$D$18:$D$2015,">="&V65,$D$18:$D$2015,"<"&V66)) | Z65: =IF(Y65="","",COUNTIFS($C$18:$C$2015,Y$13,$D$18:$D$2015,">="&Y65,$D$18:$D$2015,"<"&Y66)) | AB65: 60 | AC65: =IF(AB65="","",COUNTIFS($C$18:$C$2015,AB$13,$D$18:$D$2015,">="&AB65,$D$18:$D$2015,"<"&AB66))
G66: 61 | H66: =IF(G66="","",COUNTIFS($C$18:$C$2015,G$13,$D$18:$D$2015,">="&G66,$D$18:$D$2015,"<"&G67)) | K66: =IF(J66="","",COUNTIFS($C$18:$C$2015,J$13,$D$18:$D$2015,">="&J66,$D$18:$D$2015,"<"&J67)) | N66: =IF(M66="","",COUNTIFS($C$18:$C$2015,M$13,$D$18:$D$2015,">="&M66,$D$18:$D$2015,"<"&M67)) | P66: 61 | Q66: =IF(P66="","",COUNTIFS($C$18:$C$2015,P$13,$D$18:$D$2015,">="&P66,$D$18:$D$2015,"<"&P67)) | T66: =IF(S66="","",COUNTIFS($C$18:$C$2015,S$13,$D$18:$D$2015,">="&S66,$D$18:$D$2015,"<"&S67)) | W66: =IF(V66="","",COUNTIFS($C$18:$C$2015,V$13,$D$18:$D$2015,">="&V66,$D$18:$D$2015,"<"&V67)) | Z66: =IF(Y66="","",COUNTIFS($C$18:$C$2015,Y$13,$D$18:$D$2015,">="&Y66,$D$18:$D$2015,"<"&Y67)) | AB66: 61 | AC66: =IF(AB66="","",COUNTIFS($C$18:$C$2015,AB$13,$D$18:$D$2015,">="&AB66,$D$18:$D$2015,"<"&AB67))
G67: 62 | H67: =IF(G67="","",COUNTIFS($C$18:$C$2015,G$13,$D$18:$D$2015,">="&G67,$D$18:$D$2015,"<"&G68)) | K67: =IF(J67="","",COUNTIFS($C$18:$C$2015,J$13,$D$18:$D$2015,">="&J67,$D$18:$D$2015,"<"&J68)) | N67: =IF(M67="","",COUNTIFS($C$18:$C$2015,M$13,$D$18:$D$2015,">="&M67,$D$18:$D$2015,"<"&M68)) | P67: 62 | Q67: =IF(P67="","",COUNTIFS($C$18:$C$2015,P$13,$D$18:$D$2015,">="&P67,$D$18:$D$2015,"<"&P68)) | T67: =IF(S67="","",COUNTIFS($C$18:$C$2015,S$13,$D$18:$D$2015,">="&S67,$D$18:$D$2015,"<"&S68)) | W67: =IF(V67="","",COUNTIFS($C$18:$C$2015,V$13,$D$18:$D$2015,">="&V67,$D$18:$D$2015,"<"&V68)) | Z67: =IF(Y67="","",COUNTIFS($C$18:$C$2015,Y$13,$D$18:$D$2015,">="&Y67,$D$18:$D$2015,"<"&Y68)) | AB67: 62 | AC67: =IF(AB67="","",COUNTIFS($C$18:$C$2015,AB$13,$D$18:$D$2015,">="&AB67,$D$18:$D$2015,"<"&AB68))
G68: 63 | H68: =IF(G68="","",COUNTIFS($C$18:$C$2015,G$13,$D$18:$D$2015,">="&G68,$D$18:$D$2015,"<"&G69)) | K68: =IF(J68="","",COUNTIFS($C$18:$C$2015,J$13,$D$18:$D$2015,">="&J68,$D$18:$D$2015,"<"&J69)) | N68: =IF(M68="","",COUNTIFS($C$18:$C$2015,M$13,$D$18:$D$2015,">="&M68,$D$18:$D$2015,"<"&M69)) | P68: 63 | Q68: =IF(P68="","",COUNTIFS($C$18:$C$2015,P$13,$D$18:$D$2015,">="&P68,$D$18:$D$2015,"<"&P69)) | T68: =IF(S68="","",COUNTIFS($C$18:$C$2015,S$13,$D$18:$D$2015,">="&S68,$D$18:$D$2015,"<"&S69)) | W68: =IF(V68="","",COUNTIFS($C$18:$C$2015,V$13,$D$18:$D$2015,">="&V68,$D$18:$D$2015,"<"&V69)) | Z68: =IF(Y68="","",COUNTIFS($C$18:$C$2015,Y$13,$D$18:$D$2015,">="&Y68,$D$18:$D$2015,"<"&Y69)) | AC68: =IF(AB68="","",COUNTIFS($C$18:$C$2015,AB$13,$D$18:$D$2015,">="&AB68,$D$18:$D$2015,"<"&AB69))
G69: 64 | H69: =IF(G69="","",COUNTIFS($C$18:$C$2015,G$13,$D$18:$D$2015,">="&G69,$D$18:$D$2015,"<"&G70)) | K69: =IF(J69="","",COUNTIFS($C$18:$C$2015,J$13,$D$18:$D$2015,">="&J69,$D$18:$D$2015,"<"&J70)) | N69: =IF(M69="","",COUNTIFS($C$18:$C$2015,M$13,$D$18:$D$2015,">="&M69,$D$18:$D$2015,"<"&M70)) | P69: 64 | Q69: =IF(P69="","",COUNTIFS($C$18:$C$2015,P$13,$D$18:$D$2015,">="&P69,$D$18:$D$2015,"<"&P70)) | T69: =IF(S69="","",COUNTIFS($C$18:$C$2015,S$13,$D$18:$D$2015,">="&S69,$D$18:$D$2015,"<"&S70)) | W69: =IF(V69="","",COUNTIFS($C$18:$C$2015,V$13,$D$18:$D$2015,">="&V69,$D$18:$D$2015,"<"&V70)) | Z69: =IF(Y69="","",COUNTIFS($C$18:$C$2015,Y$13,$D$18:$D$2015,">="&Y69,$D$18:$D$2015,"<"&Y70)) | AC69: =IF(AB69="","",COUNTIFS($C$18:$C$2015,AB$13,$D$18:$D$2015,">="&AB69,$D$18:$D$2015,"<"&AB70))
G70: 65 | H70: =IF(G70="","",COUNTIFS($C$18:$C$2015,G$13,$D$18:$D$2015,">="&G70,$D$18:$D$2015,"<"&G71)) | K70: =IF(J70="","",COUNTIFS($C$18:$C$2015,J$13,$D$18:$D$2015,">="&J70,$D$18:$D$2015,"<"&J71)) | N70: =IF(M70="","",COUNTIFS($C$18:$C$2015,M$13,$D$18:$D$2015,">="&M70,$D$18:$D$2015,"<"&M71)) | P70: 65 | Q70: =IF(P70="","",COUNTIFS($C$18:$C$2015,P$13,$D$18:$D$2015,">="&P70,$D$18:$D$2015,"<"&P71)) | T70: =IF(S70="","",COUNTIFS($C$18:$C$2015,S$13,$D$18:$D$2015,">="&S70,$D$18:$D$2015,"<"&S71)) | W70: =IF(V70="","",COUNTIFS($C$18:$C$2015,V$13,$D$18:$D$2015,">="&V70,$D$18:$D$2015,"<"&V71)) | Z70: =IF(Y70="","",COUNTIFS($C$18:$C$2015,Y$13,$D$18:$D$2015,">="&Y70,$D$18:$D$2015,"<"&Y71)) | AC70: =IF(AB70="","",COUNTIFS($C$18:$C$2015,AB$13,$D$18:$D$2015,">="&AB70,$D$18:$D$2015,"<"&AB71))
G71: 66 | H71: =IF(G71="","",COUNTIFS($C$18:$C$2015,G$13,$D$18:$D$2015,">="&G71,$D$18:$D$2015,"<"&G72)) | K71: =IF(J71="","",COUNTIFS($C$18:$C$2015,J$13,$D$18:$D$2015,">="&J71,$D$18:$D$2015,"<"&J72)) | N71: =IF(M71="","",COUNTIFS($C$18:$C$2015,M$13,$D$18:$D$2015,">="&M71,$D$18:$D$2015,"<"&M72)) | P71: 66 | Q71: =IF(P71="","",COUNTIFS($C$18:$C$2015,P$13,$D$18:$D$2015,">="&P71,$D$18:$D$2015,"<"&P72)) | T71: =IF(S71="","",COUNTIFS($C$18:$C$2015,S$13,$D$18:$D$2015,">="&S71,$D$18:$D$2015,"<"&S72)) | W71: =IF(V71="","",COUNTIFS($C$18:$C$2015,V$13,$D$18:$D$2015,">="&V71,$D$18:$D$2015,"<"&V72)) | Z71: =IF(Y71="","",COUNTIFS($C$18:$C$2015,Y$13,$D$18:$D$2015,">="&Y71,$D$18:$D$2015,"<"&Y72)) | AC71: =IF(AB71="","",COUNTIFS($C$18:$C$2015,AB$13,$D$18:$D$2015,">="&AB71,$D$18:$D$2015,"<"&AB72))
G72: 67 | H72: =IF(G72="","",COUNTIFS($C$18:$C$2015,G$13,$D$18:$D$2015,">="&G72,$D$18:$D$2015,"<"&G73)) | K72: =IF(J72="","",COUNTIFS($C$18:$C$2015,J$13,$D$18:$D$2015,">="&J72,$D$18:$D$2015,"<"&J73)) | N72: =IF(M72="","",COUNTIFS($C$18:$C$2015,M$13,$D$18:$D$2015,">="&M72,$D$18:$D$2015,"<"&M73)) | P72: 67 | Q72: =IF(P72="","",COUNTIFS($C$18:$C$2015,P$13,$D$18:$D$2015,">="&P72,$D$18:$D$2015,"<"&P73)) | T72: =IF(S72="","",COUNTIFS($C$18:$C$2015,S$13,$D$18:$D$2015,">="&S72,$D$18:$D$2015,"<"&S73)) | W72: =IF(V72="","",COUNTIFS($C$18:$C$2015,V$13,$D$18:$D$2015,">="&V72,$D$18:$D$2015,"<"&V73)) | Z72: =IF(Y72="","",COUNTIFS($C$18:$C$2015,Y$13,$D$18:$D$2015,">="&Y72,$D$18:$D$2015,"<"&Y73)) | AC72: =IF(AB72="","",COUNTIFS($C$18:$C$2015,AB$13,$D$18:$D$2015,">="&AB72,$D$18:$D$2015,"<"&AB73))
G73: 68 | H73: =IF(G73="","",COUNTIFS($C$18:$C$2015,G$13,$D$18:$D$2015,">="&G73,$D$18:$D$2015,"<"&G74)) | K73: =IF(J73="","",COUNTIFS($C$18:$C$2015,J$13,$D$18:$D$2015,">="&J73,$D$18:$D$2015,"<"&J74)) | N73: =IF(M73="","",COUNTIFS($C$18:$C$2015,M$13,$D$18:$D$2015,">="&M73,$D$18:$D$2015,"<"&M74)) | P73: 68 | Q73: =IF(P73="","",COUNTIFS($C$18:$C$2015,P$13,$D$18:$D$2015,">="&P73,$D$18:$D$2015,"<"&P74)) | T73: =IF(S73="","",COUNTIFS($C$18:$C$2015,S$13,$D$18:$D$2015,">="&S73,$D$18:$D$2015,"<"&S74)) | W73: =IF(V73="","",COUNTIFS($C$18:$C$2015,V$13,$D$18:$D$2015,">="&V73,$D$18:$D$2015,"<"&V74)) | Z73: =IF(Y73="","",COUNTIFS($C$18:$C$2015,Y$13,$D$18:$D$2015,">="&Y73,$D$18:$D$2015,"<"&Y74)) | AC73: =IF(AB73="","",COUNTIFS($C$18:$C$2015,AB$13,$D$18:$D$2015,">="&AB73,$D$18:$D$2015,"<"&AB74))
G74: 69 | H74: =IF(G74="","",COUNTIFS($C$18:$C$2015,G$13,$D$18:$D$2015,">="&G74,$D$18:$D$2015,"<"&G75)) | K74: =IF(J74="","",COUNTIFS($C$18:$C$2015,J$13,$D$18:$D$2015,">="&J74,$D$18:$D$2015,"<"&J75)) | N74: =IF(M74="","",COUNTIFS($C$18:$C$2015,M$13,$D$18:$D$2015,">="&M74,$D$18:$D$2015,"<"&M75)) | P74: 69 | Q74: =IF(P74="","",COUNTIFS($C$18:$C$2015,P$13,$D$18:$D$2015,">="&P74,$D$18:$D$2015,"<"&P75)) | T74: =IF(S74="","",COUNTIFS($C$18:$C$2015,S$13,$D$18:$D$2015,">="&S74,$D$18:$D$2015,"<"&S75)) | W74: =IF(V74="","",COUNTIFS($C$18:$C$2015,V$13,$D$18:$D$2015,">="&V74,$D$18:$D$2015,"<"&V75)) | Z74: =IF(Y74="","",COUNTIFS($C$18:$C$2015,Y$13,$D$18:$D$2015,">="&Y74,$D$18:$D$2015,"<"&Y75)) | AC74: =IF(AB74="","",COUNTIFS($C$18:$C$2015,AB$13,$D$18:$D$2015,">="&AB74,$D$18:$D$2015,"<"&AB75))
G75: 70 | H75: =IF(G75="","",COUNTIFS($C$18:$C$2015,G$13,$D$18:$D$2015,">="&G75,$D$18:$D$2015,"<"&G76)) | K75: =IF(J75="","",COUNTIFS($C$18:$C$2015,J$13,$D$18:$D$2015,">="&J75,$D$18:$D$2015,"<"&J76)) | N75: =IF(M75="","",COUNTIFS($C$18:$C$2015,M$13,$D$18:$D$2015,">="&M75,$D$18:$D$2015,"<"&M76)) | P75: 70 | Q75: =IF(P75="","",COUNTIFS($C$18:$C$2015,P$13,$D$18:$D$2015,">="&P75,$D$18:$D$2015,"<"&P76)) | T75: =IF(S75="","",COUNTIFS($C$18:$C$2015,S$13,$D$18:$D$2015,">="&S75,$D$18:$D$2015,"<"&S76)) | W75: =IF(V75="","",COUNTIFS($C$18:$C$2015,V$13,$D$18:$D$2015,">="&V75,$D$18:$D$2015,"<"&V76)) | Z75: =IF(Y75="","",COUNTIFS($C$18:$C$2015,Y$13,$D$18:$D$2015,">="&Y75,$D$18:$D$2015,"<"&Y76)) | AC75: =IF(AB75="","",COUNTIFS($C$18:$C$2015,AB$13,$D$18:$D$2015,">="&AB75,$D$18:$D$2015,"<"&AB76))
G76: 71 | H76: =IF(G76="","",COUNTIFS($C$18:$C$2015,G$13,$D$18:$D$2015,">="&G76,$D$18:$D$2015,"<"&G77)) | K76: =IF(J76="","",COUNTIFS($C$18:$C$2015,J$13,$D$18:$D$2015,">="&J76,$D$18:$D$2015,"<"&J77)) | N76: =IF(M76="","",COUNTIFS($C$18:$C$2015,M$13,$D$18:$D$2015,">="&M76,$D$18:$D$2015,"<"&M77)) | P76: 71 | Q76: =IF(P76="","",COUNTIFS($C$18:$C$2015,P$13,$D$18:$D$2015,">="&P76,$D$18:$D$2015,"<"&P77)) | T76: =IF(S76="","",COUNTIFS($C$18:$C$2015,S$13,$D$18:$D$2015,">="&S76,$D$18:$D$2015,"<"&S77)) | W76: =IF(V76="","",COUNTIFS($C$18:$C$2015,V$13,$D$18:$D$2015,">="&V76,$D$18:$D$2015,"<"&V77)) | Z76: =IF(Y76="","",COUNTIFS($C$18:$C$2015,Y$13,$D$18:$D$2015,">="&Y76,$D$18:$D$2015,"<"&Y77)) | AC76: =IF(AB76="","",COUNTIFS($C$18:$C$2015,AB$13,$D$18:$D$2015,">="&AB76,$D$18:$D$2015,"<"&AB77))
G77: 72 | H77: =IF(G77="","",COUNTIFS($C$18:$C$2015,G$13,$D$18:$D$2015,">="&G77,$D$18:$D$2015,"<"&G78)) | K77: =IF(J77="","",COUNTIFS($C$18:$C$2015,J$13,$D$18:$D$2015,">="&J77,$D$18:$D$2015,"<"&J78)) | N77: =IF(M77="","",COUNTIFS($C$18:$C$2015,M$13,$D$18:$D$2015,">="&M77,$D$18:$D$2015,"<"&M78)) | P77: 72 | Q77: =IF(P77="","",COUNTIFS($C$18:$C$2015,P$13,$D$18:$D$2015,">="&P77,$D$18:$D$2015,"<"&P78)) | T77: =IF(S77="","",COUNTIFS($C$18:$C$2015,S$13,$D$18:$D$2015,">="&S77,$D$18:$D$2015,"<"&S78)) | W77: =IF(V77="","",COUNTIFS($C$18:$C$2015,V$13,$D$18:$D$2015,">="&V77,$D$18:$D$2015,"<"&V78)) | Z77: =IF(Y77="","",COUNTIFS($C$18:$C$2015,Y$13,$D$18:$D$2015,">="&Y77,$D$18:$D$2015,"<"&Y78)) | AC77: =IF(AB77="","",COUNTIFS($C$18:$C$2015,AB$13,$D$18:$D$2015,">="&AB77,$D$18:$D$2015,"<"&AB78))
G78: 73 | H78: =IF(G78="","",COUNTIFS($C$18:$C$2015,G$13,$D$18:$D$2015,">="&G78,$D$18:$D$2015,"<"&G79)) | K78: =IF(J78="","",COUNTIFS($C$18:$C$2015,J$13,$D$18:$D$2015,">="&J78,$D$18:$D$2015,"<"&J79)) | N78: =IF(M78="","",COUNTIFS($C$18:$C$2015,M$13,$D$18:$D$2015,">="&M78,$D$18:$D$2015,"<"&M79)) | P78: 73 | Q78: =IF(P78="","",COUNTIFS($C$18:$C$2015,P$13,$D$18:$D$2015,">="&P78,$D$18:$D$2015,"<"&P79)) | T78: =IF(S78="","",COUNTIFS($C$18:$C$2015,S$13,$D$18:$D$2015,">="&S78,$D$18:$D$2015,"<"&S79)) | W78: =IF(V78="","",COUNTIFS($C$18:$C$2015,V$13,$D$18:$D$2015,">="&V78,$D$18:$D$2015,"<"&V79)) | Z78: =IF(Y78="","",COUNTIFS($C$18:$C$2015,Y$13,$D$18:$D$2015,">="&Y78,$D$18:$D$2015,"<"&Y79)) | AC78: =IF(AB78="","",COUNTIFS($C$18:$C$2015,AB$13,$D$18:$D$2015,">="&AB78,$D$18:$D$2015,"<"&AB79))
G79: 74 | H79: =IF(G79="","",COUNTIFS($C$18:$C$2015,G$13,$D$18:$D$2015,">="&G79,$D$18:$D$2015,"<"&G80)) | K79: =IF(J79="","",COUNTIFS($C$18:$C$2015,J$13,$D$18:$D$2015,">="&J79,$D$18:$D$2015,"<"&J80)) | N79: =IF(M79="","",COUNTIFS($C$18:$C$2015,M$13,$D$18:$D$2015,">="&M79,$D$18:$D$2015,"<"&M80)) | P79: 74 | Q79: =IF(P79="","",COUNTIFS($C$18:$C$2015,P$13,$D$18:$D$2015,">="&P79,$D$18:$D$2015,"<"&P80)) | T79: =IF(S79="","",COUNTIFS($C$18:$C$2015,S$13,$D$18:$D$2015,">="&S79,$D$18:$D$2015,"<"&S80)) | W79: =IF(V79="","",COUNTIFS($C$18:$C$2015,V$13,$D$18:$D$2015,">="&V79,$D$18:$D$2015,"<"&V80)) | Z79: =IF(Y79="","",COUNTIFS($C$18:$C$2015,Y$13,$D$18:$D$2015,">="&Y79,$D$18:$D$2015,"<"&Y80)) | AC79: =IF(AB79="","",COUNTIFS($C$18:$C$2015,AB$13,$D$18:$D$2015,">="&AB79,$D$18:$D$2015,"<"&AB80))
... G85: 80 | H85: =IF(G85="","",COUNTIFS($C$18:$C$2015,G$13,$D$18:$D$2015,">="&G85,$D$18:$D$2015,"<"&G86)) | K85: =IF(J85="","",COUNTIFS($C$18:$C$2015,J$13,$D$18:$D$2015,">="&J85,$D$18:$D$2015,"<"&J86)) | N85: =IF(M85="","",COUNTIFS($C$18:$C$2015,M$13,$D$18:$D$2015,">="&M85,$D$18:$D$2015,"<"&M86)) | P85: 80 | Q85: =IF(P85="","",COUNTIFS($C$18:$C$2015,P$13,$D$18:$D$2015,">="&P85,$D$18:$D$2015,"<"&P86)) | T85: =IF(S85="","",COUNTIFS($C$18:$C$2015,S$13,$D$18:$D$2015,">="&S85,$D$18:$D$2015,"<"&S86)) | W85: =IF(V85="","",COUNTIFS($C$18:$C$2015,V$13,$D$18:$D$2015,">="&V85,$D$18:$D$2015,"<"&V86)) | Z85: =IF(Y85="","",COUNTIFS($C$18:$C$2015,Y$13,$D$18:$D$2015,">="&Y85,$D$18:$D$2015,"<"&Y86)) | AC85: =IF(AB85="","",COUNTIFS($C$18:$C$2015,AB$13,$D$18:$D$2015,">="&AB85,$D$18:$D$2015,"<"&AB86))
H86: =IF(G86="","",COUNTIFS($C$18:$C$2015,G$13,$D$18:$D$2015,">="&G86,$D$18:$D$2015,"<"&G87)) | K86: =IF(J86="","",COUNTIFS($C$18:$C$2015,J$13,$D$18:$D$2015,">="&J86,$D$18:$D$2015,"<"&J87)) | N86: =IF(M86="","",COUNTIFS($C$18:$C$2015,M$13,$D$18:$D$2015,">="&M86,$D$18:$D$2015,"<"&M87)) | Q86: =IF(P86="","",COUNTIFS($C$18:$C$2015,P$13,$D$18:$D$2015,">="&P86,$D$18:$D$2015,"<"&P87)) | T86: =IF(S86="","",COUNTIFS($C$18:$C$2015,S$13,$D$18:$D$2015,">="&S86,$D$18:$D$2015,"<"&S87)) | W86: =IF(V86="","",COUNTIFS($C$18:$C$2015,V$13,$D$18:$D$2015,">="&V86,$D$18:$D$2015,"<"&V87)) | Z86: =IF(Y86="","",COUNTIFS($C$18:$C$2015,Y$13,$D$18:$D$2015,">="&Y86,$D$18:$D$2015,"<"&Y87)) | AC86: =IF(AB86="","",COUNTIFS($C$18:$C$2015,AB$13,$D$18:$D$2015,">="&AB86,$D$18:$D$2015,"<"&AB87))
H87: =IF(G87="","",COUNTIFS($C$18:$C$2015,G$13,$D$18:$D$2015,">="&G87,$D$18:$D$2015,"<"&G88)) | K87: =IF(J87="","",COUNTIFS($C$18:$C$2015,J$13,$D$18:$D$2015,">="&J87,$D$18:$D$2015,"<"&J88)) | N87: =IF(M87="","",COUNTIFS($C$18:$C$2015,M$13,$D$18:$D$2015,">="&M87,$D$18:$D$2015,"<"&M88)) | Q87: =IF(P87="","",COUNTIFS($C$18:$C$2015,P$13,$D$18:$D$2015,">="&P87,$D$18:$D$2015,"<"&P88)) | T87: =IF(S87="","",COUNTIFS($C$18:$C$2015,S$13,$D$18:$D$2015,">="&S87,$D$18:$D$2015,"<"&S88)) | W87: =IF(V87="","",COUNTIFS($C$18:$C$2015,V$13,$D$18:$D$2015,">="&V87,$D$18:$D$2015,"<"&V88)) | Z87: =IF(Y87="","",COUNTIFS($C$18:$C$2015,Y$13,$D$18:$D$2015,">="&Y87,$D$18:$D$2015,"<"&Y88)) | AC87: =IF(AB87="","",COUNTIFS($C$18:$C$2015,AB$13,$D$18:$D$2015,">="&AB87,$D$18:$D$2015,"<"&AB88))
H88: =IF(G88="","",COUNTIFS($C$18:$C$2015,G$13,$D$18:$D$2015,">="&G88,$D$18:$D$2015,"<"&G89)) | K88: =IF(J88="","",COUNTIFS($C$18:$C$2015,J$13,$D$18:$D$2015,">="&J88,$D$18:$D$2015,"<"&J89)) | N88: =IF(M88="","",COUNTIFS($C$18:$C$2015,M$13,$D$18:$D$2015,">="&M88,$D$18:$D$2015,"<"&M89)) | Q88: =IF(P88="","",COUNTIFS($C$18:$C$2015,P$13,$D$18:$D$2015,">="&P88,$D$18:$D$2015,"<"&P89)) | T88: =IF(S88="","",COUNTIFS($C$18:$C$2015,S$13,$D$18:$D$2015,">="&S88,$D$18:$D$2015,"<"&S89)) | W88: =IF(V88="","",COUNTIFS($C$18:$C$2015,V$13,$D$18:$D$2015,">="&V88,$D$18:$D$2015,"<"&V89)) | Z88: =IF(Y88="","",COUNTIFS($C$18:$C$2015,Y$13,$D$18:$D$2015,">="&Y88,$D$18:$D$2015,"<"&Y89)) | AC88: =IF(AB88="","",COUNTIFS($C$18:$C$2015,AB$13,$D$18:$D$2015,">="&AB88,$D$18:$D$2015,"<"&AB89))
H89: =IF(G89="","",COUNTIFS($C$18:$C$2015,G$13,$D$18:$D$2015,">="&G89,$D$18:$D$2015,"<"&G90)) | K89: =IF(J89="","",COUNTIFS($C$18:$C$2015,J$13,$D$18:$D$2015,">="&J89,$D$18:$D$2015,"<"&J90)) | N89: =IF(M89="","",COUNTIFS($C$18:$C$2015,M$13,$D$18:$D$2015,">="&M89,$D$18:$D$2015,"<"&M90)) | Q89: =IF(P89="","",COUNTIFS($C$18:$C$2015,P$13,$D$18:$D$2015,">="&P89,$D$18:$D$2015,"<"&P90)) | T89: =IF(S89="","",COUNTIFS($C$18:$C$2015,S$13,$D$18:$D$2015,">="&S89,$D$18:$D$2015,"<"&S90)) | W89: =IF(V89="","",COUNTIFS($C$18:$C$2015,V$13,$D$18:$D$2015,">="&V89,$D$18:$D$2015,"<"&V90)) | Z89: =IF(Y89="","",COUNTIFS($C$18:$C$2015,Y$13,$D$18:$D$2015,">="&Y89,$D$18:$D$2015,"<"&Y90)) | AC89: =IF(AB89="","",COUNTIFS($C$18:$C$2015,AB$13,$D$18:$D$2015,">="&AB89,$D$18:$D$2015,"<"&AB90))
H90: =IF(G90="","",COUNTIFS($C$18:$C$2015,G$13,$D$18:$D$2015,">="&G90,$D$18:$D$2015,"<"&G91)) | K90: =IF(J90="","",COUNTIFS($C$18:$C$2015,J$13,$D$18:$D$2015,">="&J90,$D$18:$D$2015,"<"&J91)) | N90: =IF(M90="","",COUNTIFS($C$18:$C$2015,M$13,$D$18:$D$2015,">="&M90,$D$18:$D$2015,"<"&M91)) | Q90: =IF(P90="","",COUNTIFS($C$18:$C$2015,P$13,$D$18:$D$2015,">="&P90,$D$18:$D$2015,"<"&P91)) | T90: =IF(S90="","",COUNTIFS($C$18:$C$2015,S$13,$D$18:$D$2015,">="&S90,$D$18:$D$2015,"<"&S91)) | W90: =IF(V90="","",COUNTIFS($C$18:$C$2015,V$13,$D$18:$D$2015,">="&V90,$D$18:$D$2015,"<"&V91)) | Z90: =IF(Y90="","",COUNTIFS($C$18:$C$2015,Y$13,$D$18:$D$2015,">="&Y90,$D$18:$D$2015,"<"&Y91)) | AC90: =IF(AB90="","",COUNTIFS($C$18:$C$2015,AB$13,$D$18:$D$2015,">="&AB90,$D$18:$D$2015,"<"&AB91))
H91: =IF(G91="","",COUNTIFS($C$18:$C$2015,G$13,$D$18:$D$2015,">="&G91,$D$18:$D$2015,"<"&G92)) | K91: =IF(J91="","",COUNTIFS($C$18:$C$2015,J$13,$D$18:$D$2015,">="&J91,$D$18:$D$2015,"<"&J92)) | N91: =IF(M91="","",COUNTIFS($C$18:$C$2015,M$13,$D$18:$D$2015,">="&M91,$D$18:$D$2015,"<"&M92)) | Q91: =IF(P91="","",COUNTIFS($C$18:$C$2015,P$13,$D$18:$D$2015,">="&P91,$D$18:$D$2015,"<"&P92)) | T91: =IF(S91="","",COUNTIFS($C$18:$C$2015,S$13,$D$18:$D$2015,">="&S91,$D$18:$D$2015,"<"&S92)) | W91: =IF(V91="","",COUNTIFS($C$18:$C$2015,V$13,$D$18:$D$2015,">="&V91,$D$18:$D$2015,"<"&V92)) | Z91: =IF(Y91="","",COUNTIFS($C$18:$C$2015,Y$13,$D$18:$D$2015,">="&Y91,$D$18:$D$2015,"<"&Y92)) | AC91: =IF(AB91="","",COUNTIFS($C$18:$C$2015,AB$13,$D$18:$D$2015,">="&AB91,$D$18:$D$2015,"<"&AB92))
H92: =IF(G92="","",COUNTIFS($C$18:$C$2015,G$13,$D$18:$D$2015,">="&G92,$D$18:$D$2015,"<"&G93)) | K92: =IF(J92="","",COUNTIFS($C$18:$C$2015,J$13,$D$18:$D$2015,">="&J92,$D$18:$D$2015,"<"&J93)) | N92: =IF(M92="","",COUNTIFS($C$18:$C$2015,M$13,$D$18:$D$2015,">="&M92,$D$18:$D$2015,"<"&M93)) | Q92: =IF(P92="","",COUNTIFS($C$18:$C$2015,P$13,$D$18:$D$2015,">="&P92,$D$18:$D$2015,"<"&P93)) | T92: =IF(S92="","",COUNTIFS($C$18:$C$2015,S$13,$D$18:$D$2015,">="&S92,$D$18:$D$2015,"<"&S93)) | W92: =IF(V92="","",COUNTIFS($C$18:$C$2015,V$13,$D$18:$D$2015,">="&V92,$D$18:$D$2015,"<"&V93)) | Z92: =IF(Y92="","",COUNTIFS($C$18:$C$2015,Y$13,$D$18:$D$2015,">="&Y92,$D$18:$D$2015,"<"&Y93)) | AC92: =IF(AB92="","",COUNTIFS($C$18:$C$2015,AB$13,$D$18:$D$2015,">="&AB92,$D$18:$D$2015,"<"&AB93))
H93: =IF(G93="","",COUNTIFS($C$18:$C$2015,G$13,$D$18:$D$2015,">="&G93,$D$18:$D$2015,"<"&G94)) | K93: =IF(J93="","",COUNTIFS($C$18:$C$2015,J$13,$D$18:$D$2015,">="&J93,$D$18:$D$2015,"<"&J94)) | N93: =IF(M93="","",COUNTIFS($C$18:$C$2015,M$13,$D$18:$D$2015,">="&M93,$D$18:$D$2015,"<"&M94)) | Q93: =IF(P93="","",COUNTIFS($C$18:$C$2015,P$13,$D$18:$D$2015,">="&P93,$D$18:$D$2015,"<"&P94)) | T93: =IF(S93="","",COUNTIFS($C$18:$C$2015,S$13,$D$18:$D$2015,">="&S93,$D$18:$D$2015,"<"&S94)) | W93: =IF(V93="","",COUNTIFS($C$18:$C$2015,V$13,$D$18:$D$2015,">="&V93,$D$18:$D$2015,"<"&V94)) | Z93: =IF(Y93="","",COUNTIFS($C$18:$C$2015,Y$13,$D$18:$D$2015,">="&Y93,$D$18:$D$2015,"<"&Y94)) | AC93: =IF(AB93="","",COUNTIFS($C$18:$C$2015,AB$13,$D$18:$D$2015,">="&AB93,$D$18:$D$2015,"<"&AB94))
H94: =IF(G94="","",COUNTIFS($C$18:$C$2015,G$13,$D$18:$D$2015,">="&G94,$D$18:$D$2015,"<"&G95)) | K94: =IF(J94="","",COUNTIFS($C$18:$C$2015,J$13,$D$18:$D$2015,">="&J94,$D$18:$D$2015,"<"&J95)) | N94: =IF(M94="","",COUNTIFS($C$18:$C$2015,M$13,$D$18:$D$2015,">="&M94,$D$18:$D$2015,"<"&M95)) | Q94: =IF(P94="","",COUNTIFS($C$18:$C$2015,P$13,$D$18:$D$2015,">="&P94,$D$18:$D$2015,"<"&P95)) | T94: =IF(S94="","",COUNTIFS($C$18:$C$2015,S$13,$D$18:$D$2015,">="&S94,$D$18:$D$2015,"<"&S95)) | W94: =IF(V94="","",COUNTIFS($C$18:$C$2015,V$13,$D$18:$D$2015,">="&V94,$D$18:$D$2015,"<"&V95)) | Z94: =IF(Y94="","",COUNTIFS($C$18:$C$2015,Y$13,$D$18:$D$2015,">="&Y94,$D$18:$D$2015,"<"&Y95)) | AC94: =IF(AB94="","",COUNTIFS($C$18:$C$2015,AB$13,$D$18:$D$2015,">="&AB94,$D$18:$D$2015,"<"&AB95))
H95: =IF(G95="","",COUNTIFS($C$18:$C$2015,G$13,$D$18:$D$2015,">="&G95,$D$18:$D$2015,"<"&G96)) | K95: =IF(J95="","",COUNTIFS($C$18:$C$2015,J$13,$D$18:$D$2015,">="&J95,$D$18:$D$2015,"<"&J96)) | N95: =IF(M95="","",COUNTIFS($C$18:$C$2015,M$13,$D$18:$D$2015,">="&M95,$D$18:$D$2015,"<"&M96)) | Q95: =IF(P95="","",COUNTIFS($C$18:$C$2015,P$13,$D$18:$D$2015,">="&P95,$D$18:$D$2015,"<"&P96)) | T95: =IF(S95="","",COUNTIFS($C$18:$C$2015,S$13,$D$18:$D$2015,">="&S95,$D$18:$D$2015,"<"&S96)) | W95: =IF(V95="","",COUNTIFS($C$18:$C$2015,V$13,$D$18:$D$2015,">="&V95,$D$18:$D$2015,"<"&V96)) | Z95: =IF(Y95="","",COUNTIFS($C$18:$C$2015,Y$13,$D$18:$D$2015,">="&Y95,$D$18:$D$2015,"<"&Y96)) | AC95: =IF(AB95="","",COUNTIFS($C$18:$C$2015,AB$13,$D$18:$D$2015,">="&AB95,$D$18:$D$2015,"<"&AB96))
H96: =IF(G96="","",COUNTIFS($C$18:$C$2015,G$13,$D$18:$D$2015,">="&G96,$D$18:$D$2015,"<"&G97)) | K96: =IF(J96="","",COUNTIFS($C$18:$C$2015,J$13,$D$18:$D$2015,">="&J96,$D$18:$D$2015,"<"&J97)) | N96: =IF(M96="","",COUNTIFS($C$18:$C$2015,M$13,$D$18:$D$2015,">="&M96,$D$18:$D$2015,"<"&M97)) | Q96: =IF(P96="","",COUNTIFS($C$18:$C$2015,P$13,$D$18:$D$2015,">="&P96,$D$18:$D$2015,"<"&P97)) | T96: =IF(S96="","",COUNTIFS($C$18:$C$2015,S$13,$D$18:$D$2015,">="&S96,$D$18:$D$2015,"<"&S97)) | W96: =IF(V96="","",COUNTIFS($C$18:$C$2015,V$13,$D$18:$D$2015,">="&V96,$D$18:$D$2015,"<"&V97)) | Z96: =IF(Y96="","",COUNTIFS($C$18:$C$2015,Y$13,$D$18:$D$2015,">="&Y96,$D$18:$D$2015,"<"&Y97)) | AC96: =IF(AB96="","",COUNTIFS($C$18:$C$2015,AB$13,$D$18:$D$2015,">="&AB96,$D$18:$D$2015,"<"&AB97))
H97: =IF(G97="","",COUNTIFS($C$18:$C$2015,G$13,$D$18:$D$2015,">="&G97,$D$18:$D$2015,"<"&G98)) | K97: =IF(J97="","",COUNTIFS($C$18:$C$2015,J$13,$D$18:$D$2015,">="&J97,$D$18:$D$2015,"<"&J98)) | N97: =IF(M97="","",COUNTIFS($C$18:$C$2015,M$13,$D$18:$D$2015,">="&M97,$D$18:$D$2015,"<"&M98)) | Q97: =IF(P97="","",COUNTIFS($C$18:$C$2015,P$13,$D$18:$D$2015,">="&P97,$D$18:$D$2015,"<"&P98)) | T97: =IF(S97="","",COUNTIFS($C$18:$C$2015,S$13,$D$18:$D$2015,">="&S97,$D$18:$D$2015,"<"&S98)) | W97: =IF(V97="","",COUNTIFS($C$18:$C$2015,V$13,$D$18:$D$2015,">="&V97,$D$18:$D$2015,"<"&V98)) | Z97: =IF(Y97="","",COUNTIFS($C$18:$C$2015,Y$13,$D$18:$D$2015,">="&Y97,$D$18:$D$2015,"<"&Y98)) | AC97: =IF(AB97="","",COUNTIFS($C$18:$C$2015,AB$13,$D$18:$D$2015,">="&AB97,$D$18:$D$2015,"<"&AB98))
... H264: =IF(G264="","",COUNTIFS($C$18:$C$2015,G$13,$D$18:$D$2015,">="&G264,$D$18:$D$2015,"<"&G265)) | K264: =IF(J264="","",COUNTIFS($C$18:$C$2015,J$13,$D$18:$D$2015,">="&J264,$D$18:$D$2015,"<"&J265)) | N264: =IF(M264="","",COUNTIFS($C$18:$C$2015,M$13,$D$18:$D$2015,">="&M264,$D$18:$D$2015,"<"&M265)) | Q264: =IF(P264="","",COUNTIFS($C$18:$C$2015,P$13,$D$18:$D$2015,">="&P264,$D$18:$D$2015,"<"&P265)) | T264: =IF(S264="","",COUNTIFS($C$18:$C$2015,S$13,$D$18:$D$2015,">="&S264,$D$18:$D$2015,"<"&S265)) | W264: =IF(V264="","",COUNTIFS($C$18:$C$2015,V$13,$D$18:$D$2015,">="&V264,$D$18:$D$2015,"<"&V265)) | Z264: =IF(Y264="","",COUNTIFS($C$18:$C$2015,Y$13,$D$18:$D$2015,">="&Y264,$D$18:$D$2015,"<"&Y265)) | AC264: =IF(AB264="","",COUNTIFS($C$18:$C$2015,AB$13,$D$18:$D$2015,">="&AB264,$D$18:$D$2015,"<"&AB265))

Sheet M-04
G1: =FAO!B1&" max =" | H1: =+FAO!B10 | J1: =FAO!E1&" max =" | K1: =+FAO!E10 | M1: =FAO!H1&" max =" | N1: =+FAO!H10 | P1: =FAO!K1&" max =" | Q1: =+FAO!K10 | S1: =FAO!N1&" max =" | T1: =+FAO!N10 | V1: =FAO!Q1&" max =" | W1: =+FAO!Q10 | Y1: =FAO!T1&" max =" | Z1: =+FAO!T10 | AB1: =FAO!W1&" max =" | AC1: =+FAO!W10 | AE1: =COUNTA($C$15:$C$10001)
G2: obs n = | H2: =COUNTIF($C$18:$C$1003,G13) | J2: obs n = | K2: =COUNTIF($C$18:$C$1003,J13) | M2: obs n = | N2: =COUNTIF($C$18:$C$1003,M13) | P2: obs n = | Q2: =COUNTIF($C$18:$C$1003,P13) | S2: obs n = | T2: =COUNTIF($C$18:$C$1003,S13) | V2: obs n = | W2: =COUNTIF($C$18:$C$1003,V13) | Y2: obs n = | Z2: =COUNTIF($C$18:$C$1003,Y13) | AB2: obs n = | AC2: =COUNTIF($C$18:$C$1003,AB13)
G3: freq n= | H3: =+SUM(H15:H1003) | J3: freq n= | K3: =+SUM(K15:K1003) | M3: freq n= | N3: =+SUM(N15:N1003) | P3: freq n= | Q3: =+SUM(Q15:Q1003) | S3: freq n= | T3: =+SUM(T15:T1003) | V3: freq n= | W3: =+SUM(W15:W1003) | Y3: freq n= | Z3: =+SUM(Z15:Z1003) | AB3: freq n= | AC3: =+SUM(AC15:AC1003)
G4: first bin = | H4: 10 | J4: first bin = | K4: 10 | M4: first bin = | N4: 10 | P4: first bin = | Q4: 10 | S4: first bin = | T4: 10 | V4: first bin = | W4: 10 | Y4: first bin = | Z4: 10 | AB4: first bin = | AC4: 10
G5: increment = | H5: =+FAO!B14 | J5: increment = | K5: =+FAO!E14 | M5: increment = | N5: =+FAO!H14 | P5: increment = | Q5: =+FAO!K14 | S5: increment = | T5: =+FAO!N14 | V5: increment = | W5: =+FAO!Q14 | Y5: increment = | Z5: =+FAO!T14 | AB5: increment = | AC5: =+FAO!W14
G6: Complete = | H6: =COUNTIFS($C$18:$C$2015,G$13,$D$18:$D$2015,">5")/COUNTIF($C$18:$C$2015,G$13)*100 | J6: Complete = | K6: =COUNTIFS($C$18:$C$2015,J$13,$D$18:$D$2015,">5")/COUNTIF($C$18:$C$2015,J$13)*100 | M6: Complete = | N6: =COUNTIFS($C$18:$C$2015,M$13,$D$18:$D$2015,">5")/COUNTIF($C$18:$C$2015,M$13)*100 | P6: Complete = | Q6: =COUNTIFS($C$18:$C$2015,P$13,$D$18:$D$2015,">5")/COUNTIF($C$18:$C$2015,P$13)*100 | S6: Complete = | T6: =COUNTIFS($C$18:$C$2015,S$13,$D$18:$D$2015,">5")/COUNTIF($C$18:$C$2015,S$13)*100 | V6: Complete = | W6: =COUNTIFS($C$18:$C$2015,V$13,$D$18:$D$2015,">5")/COUNTIF($C$18:$C$2015,V$13)*100 | Y6: Complete = | Z6: =COUNTIFS($C$18:$C$2015,Y$13,$D$18:$D$2015,">5")/COUNTIF($C$18:$C$2015,Y$13)*100 | AB6: Complete = | AC6: =COUNTIFS($C$18:$C$2015,AB$13,$D$18:$D$2015,">5")/COUNTIF($C$18:$C$2015,AB$13)*100
G7: L50 (cm) = | H7: =+FAO!B11 | J7: L50 (cm) = | K7: =+FAO!E11 | M7: L50 (cm) = | N7: =+FAO!H11 | P7: L50 (cm) = | Q7: =+FAO!K11 | S7: L50 (cm) = | T7: =+FAO!N11 | V7: L50 (cm) = | W7: =+FAO!Q11 | Y7: L50 (cm) = | Z7: =+FAO!T11 | AB7: L50 (cm) = | AC7: =+FAO!W11
G8: Juven. (%) = | H8: =+ROUND(COUNTIFS($C$18:$C$2015,G$13,$D$18:$D$2015,"<"&H7)/COUNTIF($C$18:$C$2015,G$13)*100,0) | J8: Juven. (%) = | K8: =+ROUND(COUNTIFS($C$18:$C$2015,J$13,$D$18:$D$2015,"<"&K7)/COUNTIF($C$18:$C$2015,J$13)*100,0) | M8: Juven. (%) = | N8: =+ROUND(COUNTIFS($C$18:$C$2015,M$13,$D$18:$D$2015,"<"&N7)/COUNTIF($C$18:$C$2015,M$13)*100,0) | P8: Juven. (%) = | Q8: =+ROUND(COUNTIFS($C$18:$C$2015,P$13,$D$18:$D$2015,"<"&Q7)/COUNTIF($C$18:$C$2015,P$13)*100,0) | S8: Juven. (%) = | T8: =+ROUND(COUNTIFS($C$18:$C$2015,S$13,$D$18:$D$2015,"<"&T7)/COUNTIF($C$18:$C$2015,S$13)*100,0) | V8: Juven. (%) = | W8: =+ROUND(COUNTIFS($C$18:$C$2015,V$13,$D$18:$D$2015,"<"&W7)/COUNTIF($C$18:$C$2015,V$13)*100,0) | Y8: Juven. (%) = | Z8: =+ROUND(COUNTIFS($C$18:$C$2015,Y$13,$D$18:$D$2015,"<"&Z7)/COUNTIF($C$18:$C$2015,Y$13)*100,0) | AB8: Juven. (%) = | AC8: =+ROUND(COUNTIFS($C$18:$C$2015,AB$13,$D$18:$D$2015,"<"&AC7)/COUNTIF($C$18:$C$2015,AB$13)*100,0)
G9: =+FAO!B6 | J9: =+FAO!E6 | M9: =+FAO!H6 | P9: =+FAO!K6 | S9: =+FAO!N6 | V9: =+FAO!Q6 | Y9: =+FAO!T6 | AB9: =+FAO!W6
G10: =+FAO!B7 | J10: =+FAO!E7 | M10: =+FAO!H7 | P10: =+FAO!K7 | S10: =+FAO!N7 | V10: =+FAO!Q7 | Y10: =+FAO!T7 | AB10: =+FAO!W7
G11: =+FAO!B9 | J11: =+FAO!E9 | M11: =+FAO!H9 | P11: =+FAO!K9 | S11: =+FAO!N9 | V11: =+FAO!Q9 | Y11: =+FAO!T9 | AB11: =+FAO!W9
G12: =+FAO!B5 | J12: =+FAO!E5 | M12: =+FAO!H5 | P12: =+FAO!K5 | S12: =+FAO!N5 | V12: =+FAO!Q5 | Y12: =+FAO!T5 | AB12: =+FAO!W5
D13: #VALUE! | E13: =COUNTA(C15:C1003) | G13: =+FAO!B1 | H13: =+FAO!B3 | J13: =+FAO!E1 | K13: =+FAO!E3 | M13: =+FAO!H1 | N13: =+FAO!H3 | P13: =+FAO!K1 | Q13: =+FAO!K3 | S13: =+FAO!N1 | T13: =+FAO!N3 | V13: =+FAO!Q1 | W13: =+FAO!Q3 | Y13: =+FAO!T1 | Z13: =+FAO!T3 | AB13: =+FAO!W1 | AC13: =+FAO!W3
A14: TRIP | B14: DATE | C14: FAO | D14: OBS | E14: ID | G14: ="LC-"&G13 | H14: ="FQ-"&G13 | J14: ="LC-"&J13 | K14: ="FQ-"&J13 | M14: ="LC-"&M13 | N14: ="FQ-"&M13 | P14: ="LC-"&P13 | Q14: ="FQ-"&P13 | S14: ="LC-"&S13 | T14: ="FQ-"&S13 | V14: ="LC-"&V13 | W14: ="FQ-"&V13 | Y14: ="LC-"&Y13 | Z14: ="FQ-"&Y13 | AB14: ="LC-"&AB13 | AC14: ="FQ-"&AB13
E15: {=+_xlfn.SEQUENCE(E13,1,1)} | G15: {=_xlfn.SEQUENCE(((H1-H4)/H5)+1, 1, H4, H5)} | H15: =IF(G15="","",COUNTIFS($C$18:$C$2015,G$13,$D$18:$D$2015,">="&G15,$D$18:$D$2015,"<"&G16)) | J15: {=_xlfn.SEQUENCE(((K1-K4)/K5)+1, 1, K4, K5)} | K15: =IF(J15="","",COUNTIFS($C$18:$C$2015,J$13,$D$18:$D$2015,">="&J15,$D$18:$D$2015,"<"&J16)) | M15: {=_xlfn.SEQUENCE(((N1-N4)/N5)+1, 1, N4, N5)} | N15: =IF(M15="","",COUNTIFS($C$18:$C$2015,M$13,$D$18:$D$2015,">="&M15,$D$18:$D$2015,"<"&M16)) | P15: {=_xlfn.SEQUENCE(((Q1-Q4)/Q5)+1, 1, Q4, Q5)} | Q15: =IF(P15="","",COUNTIFS($C$18:$C$2015,P$13,$D$18:$D$2015,">="&P15,$D$18:$D$2015,"<"&P16)) | S15: {=_xlfn.SEQUENCE(((T1-T4)/T5)+1, 1, T4, T5)} | T15: =IF(S15="","",COUNTIFS($C$18:$C$2015,S$13,$D$18:$D$2015,">="&S15,$D$18:$D$2015,"<"&S16)) | V15: {=_xlfn.SEQUENCE(((W1-W4)/W5)+1, 1, W4, W5)} | W15: =IF(V15="","",COUNTIFS($C$18:$C$2015,V$13,$D$18:$D$2015,">="&V15,$D$18:$D$2015,"<"&V16)) | Y15: {=_xlfn.SEQUENCE(((Z1-Z4)/Z5)+1, 1, Z4, Z5)} | Z15: =IF(Y15="","",COUNTIFS($C$18:$C$2015,Y$13,$D$18:$D$2015,">="&Y15,$D$18:$D$2015,"<"&Y16)) | AB15: {=_xlfn.SEQUENCE(((AC1-AC4)/AC5)+1, 1, AC4, AC5)} | AC15: =IF(AB15="","",COUNTIFS($C$18:$C$2015,AB$13,$D$18:$D$2015,">="&AB15,$D$18:$D$2015,"<"&AB16))
G16: 11 | H16: =IF(G16="","",COUNTIFS($C$18:$C$2015,G$13,$D$18:$D$2015,">="&G16,$D$18:$D$2015,"<"&G17)) | J16: 15 | K16: =IF(J16="","",COUNTIFS($C$18:$C$2015,J$13,$D$18:$D$2015,">="&J16,$D$18:$D$2015,"<"&J17)) | M16: 12 | N16: =IF(M16="","",COUNTIFS($C$18:$C$2015,M$13,$D$18:$D$2015,">="&M16,$D$18:$D$2015,"<"&M17)) | P16: 11 | Q16: =IF(P16="","",COUNTIFS($C$18:$C$2015,P$13,$D$18:$D$2015,">="&P16,$D$18:$D$2015,"<"&P17)) | S16: 12 | T16: =IF(S16="","",COUNTIFS($C$18:$C$2015,S$13,$D$18:$D$2015,">="&S16,$D$18:$D$2015,"<"&S17)) | V16: 12 | W16: =IF(V16="","",COUNTIFS($C$18:$C$2015,V$13,$D$18:$D$2015,">="&V16,$D$18:$D$2015,"<"&V17)) | Y16: 12 | Z16: =IF(Y16="","",COUNTIFS($C$18:$C$2015,Y$13,$D$18:$D$2015,">="&Y16,$D$18:$D$2015,"<"&Y17)) | AB16: 11 | AC16: =IF(AB16="","",COUNTIFS($C$18:$C$2015,AB$13,$D$18:$D$2015,">="&AB16,$D$18:$D$2015,"<"&AB17))
G17: 12 | H17: =IF(G17="","",COUNTIFS($C$18:$C$2015,G$13,$D$18:$D$2015,">="&G17,$D$18:$D$2015,"<"&G18)) | J17: 20 | K17: =IF(J17="","",COUNTIFS($C$18:$C$2015,J$13,$D$18:$D$2015,">="&J17,$D$18:$D$2015,"<"&J18)) | M17: 14 | N17: =IF(M17="","",COUNTIFS($C$18:$C$2015,M$13,$D$18:$D$2015,">="&M17,$D$18:$D$2015,"<"&M18)) | P17: 12 | Q17: =IF(P17="","",COUNTIFS($C$18:$C$2015,P$13,$D$18:$D$2015,">="&P17,$D$18:$D$2015,"<"&P18)) | S17: 14 | T17: =IF(S17="","",COUNTIFS($C$18:$C$2015,S$13,$D$18:$D$2015,">="&S17,$D$18:$D$2015,"<"&S18)) | V17: 14 | W17: =IF(V17="","",COUNTIFS($C$18:$C$2015,V$13,$D$18:$D$2015,">="&V17,$D$18:$D$2015,"<"&V18)) | Y17: 14 | Z17: =IF(Y17="","",COUNTIFS($C$18:$C$2015,Y$13,$D$18:$D$2015,">="&Y17,$D$18:$D$2015,"<"&Y18)) | AB17: 12 | AC17: =IF(AB17="","",COUNTIFS($C$18:$C$2015,AB$13,$D$18:$D$2015,">="&AB17,$D$18:$D$2015,"<"&AB18))
G18: 13 | H18: =IF(G18="","",COUNTIFS($C$18:$C$2015,G$13,$D$18:$D$2015,">="&G18,$D$18:$D$2015,"<"&G19)) | J18: 25 | K18: =IF(J18="","",COUNTIFS($C$18:$C$2015,J$13,$D$18:$D$2015,">="&J18,$D$18:$D$2015,"<"&J19)) | M18: 16 | N18: =IF(M18="","",COUNTIFS($C$18:$C$2015,M$13,$D$18:$D$2015,">="&M18,$D$18:$D$2015,"<"&M19)) | P18: 13 | Q18: =IF(P18="","",COUNTIFS($C$18:$C$2015,P$13,$D$18:$D$2015,">="&P18,$D$18:$D$2015,"<"&P19)) | S18: 16 | T18: =IF(S18="","",COUNTIFS($C$18:$C$2015,S$13,$D$18:$D$2015,">="&S18,$D$18:$D$2015,"<"&S19)) | V18: 16 | W18: =IF(V18="","",COUNTIFS($C$18:$C$2015,V$13,$D$18:$D$2015,">="&V18,$D$18:$D$2015,"<"&V19)) | Y18: 16 | Z18: =IF(Y18="","",COUNTIFS($C$18:$C$2015,Y$13,$D$18:$D$2015,">="&Y18,$D$18:$D$2015,"<"&Y19)) | AB18: 13 | AC18: =IF(AB18="","",COUNTIFS($C$18:$C$2015,AB$13,$D$18:$D$2015,">="&AB18,$D$18:$D$2015,"<"&AB19))
G19: 14 | H19: =IF(G19="","",COUNTIFS($C$18:$C$2015,G$13,$D$18:$D$2015,">="&G19,$D$18:$D$2015,"<"&G20)) | J19: 30 | K19: =IF(J19="","",COUNTIFS($C$18:$C$2015,J$13,$D$18:$D$2015,">="&J19,$D$18:$D$2015,"<"&J20)) | M19: 18 | N19: =IF(M19="","",COUNTIFS($C$18:$C$2015,M$13,$D$18:$D$2015,">="&M19,$D$18:$D$2015,"<"&M20)) | P19: 14 | Q19: =IF(P19="","",COUNTIFS($C$18:$C$2015,P$13,$D$18:$D$2015,">="&P19,$D$18:$D$2015,"<"&P20)) | S19: 18 | T19: =IF(S19="","",COUNTIFS($C$18:$C$2015,S$13,$D$18:$D$2015,">="&S19,$D$18:$D$2015,"<"&S20)) | V19: 18 | W19: =IF(V19="","",COUNTIFS($C$18:$C$2015,V$13,$D$18:$D$2015,">="&V19,$D$18:$D$2015,"<"&V20)) | Y19: 18 | Z19: =IF(Y19="","",COUNTIFS($C$18:$C$2015,Y$13,$D$18:$D$2015,">="&Y19,$D$18:$D$2015,"<"&Y20)) | AB19: 14 | AC19: =IF(AB19="","",COUNTIFS($C$18:$C$2015,AB$13,$D$18:$D$2015,">="&AB19,$D$18:$D$2015,"<"&AB20))
G20: 15 | H20: =IF(G20="","",COUNTIFS($C$18:$C$2015,G$13,$D$18:$D$2015,">="&G20,$D$18:$D$2015,"<"&G21)) | J20: 35 | K20: =IF(J20="","",COUNTIFS($C$18:$C$2015,J$13,$D$18:$D$2015,">="&J20,$D$18:$D$2015,"<"&J21)) | M20: 20 | N20: =IF(M20="","",COUNTIFS($C$18:$C$2015,M$13,$D$18:$D$2015,">="&M20,$D$18:$D$2015,"<"&M21)) | P20: 15 | Q20: =IF(P20="","",COUNTIFS($C$18:$C$2015,P$13,$D$18:$D$2015,">="&P20,$D$18:$D$2015,"<"&P21)) | S20: 20 | T20: =IF(S20="","",COUNTIFS($C$18:$C$2015,S$13,$D$18:$D$2015,">="&S20,$D$18:$D$2015,"<"&S21)) | V20: 20 | W20: =IF(V20="","",COUNTIFS($C$18:$C$2015,V$13,$D$18:$D$2015,">="&V20,$D$18:$D$2015,"<"&V21)) | Y20: 20 | Z20: =IF(Y20="","",COUNTIFS($C$18:$C$2015,Y$13,$D$18:$D$2015,">="&Y20,$D$18:$D$2015,"<"&Y21)) | AB20: 15 | AC20: =IF(AB20="","",COUNTIFS($C$18:$C$2015,AB$13,$D$18:$D$2015,">="&AB20,$D$18:$D$2015,"<"&AB21))
G21: 16 | H21: =IF(G21="","",COUNTIFS($C$18:$C$2015,G$13,$D$18:$D$2015,">="&G21,$D$18:$D$2015,"<"&G22)) | J21: 40 | K21: =IF(J21="","",COUNTIFS($C$18:$C$2015,J$13,$D$18:$D$2015,">="&J21,$D$18:$D$2015,"<"&J22)) | M21: 22 | N21: =IF(M21="","",COUNTIFS($C$18:$C$2015,M$13,$D$18:$D$2015,">="&M21,$D$18:$D$2015,"<"&M22)) | P21: 16 | Q21: =IF(P21="","",COUNTIFS($C$18:$C$2015,P$13,$D$18:$D$2015,">="&P21,$D$18:$D$2015,"<"&P22)) | S21: 22 | T21: =IF(S21="","",COUNTIFS($C$18:$C$2015,S$13,$D$18:$D$2015,">="&S21,$D$18:$D$2015,"<"&S22)) | V21: 22 | W21: =IF(V21="","",COUNTIFS($C$18:$C$2015,V$13,$D$18:$D$2015,">="&V21,$D$18:$D$2015,"<"&V22)) | Y21: 22 | Z21: =IF(Y21="","",COUNTIFS($C$18:$C$2015,Y$13,$D$18:$D$2015,">="&Y21,$D$18:$D$2015,"<"&Y22)) | AB21: 16 | AC21: =IF(AB21="","",COUNTIFS($C$18:$C$2015,AB$13,$D$18:$D$2015,">="&AB21,$D$18:$D$2015,"<"&AB22))
G22: 17 | H22: =IF(G22="","",COUNTIFS($C$18:$C$2015,G$13,$D$18:$D$2015,">="&G22,$D$18:$D$2015,"<"&G23)) | J22: 45 | K22: =IF(J22="","",COUNTIFS($C$18:$C$2015,J$13,$D$18:$D$2015,">="&J22,$D$18:$D$2015,"<"&J23)) | M22: 24 | N22: =IF(M22="","",COUNTIFS($C$18:$C$2015,M$13,$D$18:$D$2015,">="&M22,$D$18:$D$2015,"<"&M23)) | P22: 17 | Q22: =IF(P22="","",COUNTIFS($C$18:$C$2015,P$13,$D$18:$D$2015,">="&P22,$D$18:$D$2015,"<"&P23)) | S22: 24 | T22: =IF(S22="","",COUNTIFS($C$18:$C$2015,S$13,$D$18:$D$2015,">="&S22,$D$18:$D$2015,"<"&S23)) | V22: 24 | W22: =IF(V22="","",COUNTIFS($C$18:$C$2015,V$13,$D$18:$D$2015,">="&V22,$D$18:$D$2015,"<"&V23)) | Y22: 24 | Z22: =IF(Y22="","",COUNTIFS($C$18:$C$2015,Y$13,$D$18:$D$2015,">="&Y22,$D$18:$D$2015,"<"&Y23)) | AB22: 17 | AC22: =IF(AB22="","",COUNTIFS($C$18:$C$2015,AB$13,$D$18:$D$2015,">="&AB22,$D$18:$D$2015,"<"&AB23))
G23: 18 | H23: =IF(G23="","",COUNTIFS($C$18:$C$2015,G$13,$D$18:$D$2015,">="&G23,$D$18:$D$2015,"<"&G24)) | J23: 50 | K23: =IF(J23="","",COUNTIFS($C$18:$C$2015,J$13,$D$18:$D$2015,">="&J23,$D$18:$D$2015,"<"&J24)) | M23: 26 | N23: =IF(M23="","",COUNTIFS($C$18:$C$2015,M$13,$D$18:$D$2015,">="&M23,$D$18:$D$2015,"<"&M24)) | P23: 18 | Q23: =IF(P23="","",COUNTIFS($C$18:$C$2015,P$13,$D$18:$D$2015,">="&P23,$D$18:$D$2015,"<"&P24)) | S23: 26 | T23: =IF(S23="","",COUNTIFS($C$18:$C$2015,S$13,$D$18:$D$2015,">="&S23,$D$18:$D$2015,"<"&S24)) | V23: 26 | W23: =IF(V23="","",COUNTIFS($C$18:$C$2015,V$13,$D$18:$D$2015,">="&V23,$D$18:$D$2015,"<"&V24)) | Y23: 26 | Z23: =IF(Y23="","",COUNTIFS($C$18:$C$2015,Y$13,$D$18:$D$2015,">="&Y23,$D$18:$D$2015,"<"&Y24)) | AB23: 18 | AC23: =IF(AB23="","",COUNTIFS($C$18:$C$2015,AB$13,$D$18:$D$2015,">="&AB23,$D$18:$D$2015,"<"&AB24))
G24: 19 | H24: =IF(G24="","",COUNTIFS($C$18:$C$2015,G$13,$D$18:$D$2015,">="&G24,$D$18:$D$2015,"<"&G25)) | J24: 55 | K24: =IF(J24="","",COUNTIFS($C$18:$C$2015,J$13,$D$18:$D$2015,">="&J24,$D$18:$D$2015,"<"&J25)) | M24: 28 | N24: =IF(M24="","",COUNTIFS($C$18:$C$2015,M$13,$D$18:$D$2015,">="&M24,$D$18:$D$2015,"<"&M25)) | P24: 19 | Q24: =IF(P24="","",COUNTIFS($C$18:$C$2015,P$13,$D$18:$D$2015,">="&P24,$D$18:$D$2015,"<"&P25)) | S24: 28 | T24: =IF(S24="","",COUNTIFS($C$18:$C$2015,S$13,$D$18:$D$2015,">="&S24,$D$18:$D$2015,"<"&S25)) | V24: 28 | W24: =IF(V24="","",COUNTIFS($C$18:$C$2015,V$13,$D$18:$D$2015,">="&V24,$D$18:$D$2015,"<"&V25)) | Y24: 28 | Z24: =IF(Y24="","",COUNTIFS($C$18:$C$2015,Y$13,$D$18:$D$2015,">="&Y24,$D$18:$D$2015,"<"&Y25)) | AB24: 19 | AC24: =IF(AB24="","",COUNTIFS($C$18:$C$2015,AB$13,$D$18:$D$2015,">="&AB24,$D$18:$D$2015,"<"&AB25))
G25: 20 | H25: =IF(G25="","",COUNTIFS($C$18:$C$2015,G$13,$D$18:$D$2015,">="&G25,$D$18:$D$2015,"<"&G26)) | J25: 60 | K25: =IF(J25="","",COUNTIFS($C$18:$C$2015,J$13,$D$18:$D$2015,">="&J25,$D$18:$D$2015,"<"&J26)) | M25: 30 | N25: =IF(M25="","",COUNTIFS($C$18:$C$2015,M$13,$D$18:$D$2015,">="&M25,$D$18:$D$2015,"<"&M26)) | P25: 20 | Q25: =IF(P25="","",COUNTIFS($C$18:$C$2015,P$13,$D$18:$D$2015,">="&P25,$D$18:$D$2015,"<"&P26)) | S25: 30 | T25: =IF(S25="","",COUNTIFS($C$18:$C$2015,S$13,$D$18:$D$2015,">="&S25,$D$18:$D$2015,"<"&S26)) | V25: 30 | W25: =IF(V25="","",COUNTIFS($C$18:$C$2015,V$13,$D$18:$D$2015,">="&V25,$D$18:$D$2015,"<"&V26)) | Y25: 30 | Z25: =IF(Y25="","",COUNTIFS($C$18:$C$2015,Y$13,$D$18:$D$2015,">="&Y25,$D$18:$D$2015,"<"&Y26)) | AB25: 20 | AC25: =IF(AB25="","",COUNTIFS($C$18:$C$2015,AB$13,$D$18:$D$2015,">="&AB25,$D$18:$D$2015,"<"&AB26))
G26: 21 | H26: =IF(G26="","",COUNTIFS($C$18:$C$2015,G$13,$D$18:$D$2015,">="&G26,$D$18:$D$2015,"<"&G27)) | J26: 65 | K26: =IF(J26="","",COUNTIFS($C$18:$C$2015,J$13,$D$18:$D$2015,">="&J26,$D$18:$D$2015,"<"&J27)) | M26: 32 | N26: =IF(M26="","",COUNTIFS($C$18:$C$2015,M$13,$D$18:$D$2015,">="&M26,$D$18:$D$2015,"<"&M27)) | P26: 21 | Q26: =IF(P26="","",COUNTIFS($C$18:$C$2015,P$13,$D$18:$D$2015,">="&P26,$D$18:$D$2015,"<"&P27)) | S26: 32 | T26: =IF(S26="","",COUNTIFS($C$18:$C$2015,S$13,$D$18:$D$2015,">="&S26,$D$18:$D$2015,"<"&S27)) | V26: 32 | W26: =IF(V26="","",COUNTIFS($C$18:$C$2015,V$13,$D$18:$D$2015,">="&V26,$D$18:$D$2015,"<"&V27)) | Y26: 32 | Z26: =IF(Y26="","",COUNTIFS($C$18:$C$2015,Y$13,$D$18:$D$2015,">="&Y26,$D$18:$D$2015,"<"&Y27)) | AB26: 21 | AC26: =IF(AB26="","",COUNTIFS($C$18:$C$2015,AB$13,$D$18:$D$2015,">="&AB26,$D$18:$D$2015,"<"&AB27))
G27: 22 | H27: =IF(G27="","",COUNTIFS($C$18:$C$2015,G$13,$D$18:$D$2015,">="&G27,$D$18:$D$2015,"<"&G28)) | J27: 70 | K27: =IF(J27="","",COUNTIFS($C$18:$C$2015,J$13,$D$18:$D$2015,">="&J27,$D$18:$D$2015,"<"&J28)) | M27: 34 | N27: =IF(M27="","",COUNTIFS($C$18:$C$2015,M$13,$D$18:$D$2015,">="&M27,$D$18:$D$2015,"<"&M28)) | P27: 22 | Q27: =IF(P27="","",COUNTIFS($C$18:$C$2015,P$13,$D$18:$D$2015,">="&P27,$D$18:$D$2015,"<"&P28)) | S27: 34 | T27: =IF(S27="","",COUNTIFS($C$18:$C$2015,S$13,$D$18:$D$2015,">="&S27,$D$18:$D$2015,"<"&S28)) | V27: 34 | W27: =IF(V27="","",COUNTIFS($C$18:$C$2015,V$13,$D$18:$D$2015,">="&V27,$D$18:$D$2015,"<"&V28)) | Y27: 34 | Z27: =IF(Y27="","",COUNTIFS($C$18:$C$2015,Y$13,$D$18:$D$2015,">="&Y27,$D$18:$D$2015,"<"&Y28)) | AB27: 22 | AC27: =IF(AB27="","",COUNTIFS($C$18:$C$2015,AB$13,$D$18:$D$2015,">="&AB27,$D$18:$D$2015,"<"&AB28))
... G43: 38 | H43: =IF(G43="","",COUNTIFS($C$18:$C$2015,G$13,$D$18:$D$2015,">="&G43,$D$18:$D$2015,"<"&G44)) | J43: 150 | K43: =IF(J43="","",COUNTIFS($C$18:$C$2015,J$13,$D$18:$D$2015,">="&J43,$D$18:$D$2015,"<"&J44)) | M43: 66 | N43: =IF(M43="","",COUNTIFS($C$18:$C$2015,M$13,$D$18:$D$2015,">="&M43,$D$18:$D$2015,"<"&M44)) | P43: 38 | Q43: =IF(P43="","",COUNTIFS($C$18:$C$2015,P$13,$D$18:$D$2015,">="&P43,$D$18:$D$2015,"<"&P44)) | S43: 66 | T43: =IF(S43="","",COUNTIFS($C$18:$C$2015,S$13,$D$18:$D$2015,">="&S43,$D$18:$D$2015,"<"&S44)) | V43: 66 | W43: =IF(V43="","",COUNTIFS($C$18:$C$2015,V$13,$D$18:$D$2015,">="&V43,$D$18:$D$2015,"<"&V44)) | Y43: 66 | Z43: =IF(Y43="","",COUNTIFS($C$18:$C$2015,Y$13,$D$18:$D$2015,">="&Y43,$D$18:$D$2015,"<"&Y44)) | AB43: 38 | AC43: =IF(AB43="","",COUNTIFS($C$18:$C$2015,AB$13,$D$18:$D$2015,">="&AB43,$D$18:$D$2015,"<"&AB44))
G44: 39 | H44: =IF(G44="","",COUNTIFS($C$18:$C$2015,G$13,$D$18:$D$2015,">="&G44,$D$18:$D$2015,"<"&G45)) | K44: =IF(J44="","",COUNTIFS($C$18:$C$2015,J$13,$D$18:$D$2015,">="&J44,$D$18:$D$2015,"<"&J45)) | M44: 68 | N44: =IF(M44="","",COUNTIFS($C$18:$C$2015,M$13,$D$18:$D$2015,">="&M44,$D$18:$D$2015,"<"&M45)) | P44: 39 | Q44: =IF(P44="","",COUNTIFS($C$18:$C$2015,P$13,$D$18:$D$2015,">="&P44,$D$18:$D$2015,"<"&P45)) | S44: 68 | T44: =IF(S44="","",COUNTIFS($C$18:$C$2015,S$13,$D$18:$D$2015,">="&S44,$D$18:$D$2015,"<"&S45)) | V44: 68 | W44: =IF(V44="","",COUNTIFS($C$18:$C$2015,V$13,$D$18:$D$2015,">="&V44,$D$18:$D$2015,"<"&V45)) | Y44: 68 | Z44: =IF(Y44="","",COUNTIFS($C$18:$C$2015,Y$13,$D$18:$D$2015,">="&Y44,$D$18:$D$2015,"<"&Y45)) | AB44: 39 | AC44: =IF(AB44="","",COUNTIFS($C$18:$C$2015,AB$13,$D$18:$D$2015,">="&AB44,$D$18:$D$2015,"<"&AB45))
G45: 40 | H45: =IF(G45="","",COUNTIFS($C$18:$C$2015,G$13,$D$18:$D$2015,">="&G45,$D$18:$D$2015,"<"&G46)) | K45: =IF(J45="","",COUNTIFS($C$18:$C$2015,J$13,$D$18:$D$2015,">="&J45,$D$18:$D$2015,"<"&J46)) | M45: 70 | N45: =IF(M45="","",COUNTIFS($C$18:$C$2015,M$13,$D$18:$D$2015,">="&M45,$D$18:$D$2015,"<"&M46)) | P45: 40 | Q45: =IF(P45="","",COUNTIFS($C$18:$C$2015,P$13,$D$18:$D$2015,">="&P45,$D$18:$D$2015,"<"&P46)) | S45: 70 | T45: =IF(S45="","",COUNTIFS($C$18:$C$2015,S$13,$D$18:$D$2015,">="&S45,$D$18:$D$2015,"<"&S46)) | V45: 70 | W45: =IF(V45="","",COUNTIFS($C$18:$C$2015,V$13,$D$18:$D$2015,">="&V45,$D$18:$D$2015,"<"&V46)) | Y45: 70 | Z45: =IF(Y45="","",COUNTIFS($C$18:$C$2015,Y$13,$D$18:$D$2015,">="&Y45,$D$18:$D$2015,"<"&Y46)) | AB45: 40 | AC45: =IF(AB45="","",COUNTIFS($C$18:$C$2015,AB$13,$D$18:$D$2015,">="&AB45,$D$18:$D$2015,"<"&AB46))
G46: 41 | H46: =IF(G46="","",COUNTIFS($C$18:$C$2015,G$13,$D$18:$D$2015,">="&G46,$D$18:$D$2015,"<"&G47)) | K46: =IF(J46="","",COUNTIFS($C$18:$C$2015,J$13,$D$18:$D$2015,">="&J46,$D$18:$D$2015,"<"&J47)) | M46: 72 | N46: =IF(M46="","",COUNTIFS($C$18:$C$2015,M$13,$D$18:$D$2015,">="&M46,$D$18:$D$2015,"<"&M47)) | P46: 41 | Q46: =IF(P46="","",COUNTIFS($C$18:$C$2015,P$13,$D$18:$D$2015,">="&P46,$D$18:$D$2015,"<"&P47)) | S46: 72 | T46: =IF(S46="","",COUNTIFS($C$18:$C$2015,S$13,$D$18:$D$2015,">="&S46,$D$18:$D$2015,"<"&S47)) | V46: 72 | W46: =IF(V46="","",COUNTIFS($C$18:$C$2015,V$13,$D$18:$D$2015,">="&V46,$D$18:$D$2015,"<"&V47)) | Y46: 72 | Z46: =IF(Y46="","",COUNTIFS($C$18:$C$2015,Y$13,$D$18:$D$2015,">="&Y46,$D$18:$D$2015,"<"&Y47)) | AB46: 41 | AC46: =IF(AB46="","",COUNTIFS($C$18:$C$2015,AB$13,$D$18:$D$2015,">="&AB46,$D$18:$D$2015,"<"&AB47))
G47: 42 | H47: =IF(G47="","",COUNTIFS($C$18:$C$2015,G$13,$D$18:$D$2015,">="&G47,$D$18:$D$2015,"<"&G48)) | K47: =IF(J47="","",COUNTIFS($C$18:$C$2015,J$13,$D$18:$D$2015,">="&J47,$D$18:$D$2015,"<"&J48)) | M47: 74 | N47: =IF(M47="","",COUNTIFS($C$18:$C$2015,M$13,$D$18:$D$2015,">="&M47,$D$18:$D$2015,"<"&M48)) | P47: 42 | Q47: =IF(P47="","",COUNTIFS($C$18:$C$2015,P$13,$D$18:$D$2015,">="&P47,$D$18:$D$2015,"<"&P48)) | S47: 74 | T47: =IF(S47="","",COUNTIFS($C$18:$C$2015,S$13,$D$18:$D$2015,">="&S47,$D$18:$D$2015,"<"&S48)) | V47: 74 | W47: =IF(V47="","",COUNTIFS($C$18:$C$2015,V$13,$D$18:$D$2015,">="&V47,$D$18:$D$2015,"<"&V48)) | Y47: 74 | Z47: =IF(Y47="","",COUNTIFS($C$18:$C$2015,Y$13,$D$18:$D$2015,">="&Y47,$D$18:$D$2015,"<"&Y48)) | AB47: 42 | AC47: =IF(AB47="","",COUNTIFS($C$18:$C$2015,AB$13,$D$18:$D$2015,">="&AB47,$D$18:$D$2015,"<"&AB48))
G48: 43 | H48: =IF(G48="","",COUNTIFS($C$18:$C$2015,G$13,$D$18:$D$2015,">="&G48,$D$18:$D$2015,"<"&G49)) | K48: =IF(J48="","",COUNTIFS($C$18:$C$2015,J$13,$D$18:$D$2015,">="&J48,$D$18:$D$2015,"<"&J49)) | M48: 76 | N48: =IF(M48="","",COUNTIFS($C$18:$C$2015,M$13,$D$18:$D$2015,">="&M48,$D$18:$D$2015,"<"&M49)) | P48: 43 | Q48: =IF(P48="","",COUNTIFS($C$18:$C$2015,P$13,$D$18:$D$2015,">="&P48,$D$18:$D$2015,"<"&P49)) | S48: 76 | T48: =IF(S48="","",COUNTIFS($C$18:$C$2015,S$13,$D$18:$D$2015,">="&S48,$D$18:$D$2015,"<"&S49)) | V48: 76 | W48: =IF(V48="","",COUNTIFS($C$18:$C$2015,V$13,$D$18:$D$2015,">="&V48,$D$18:$D$2015,"<"&V49)) | Y48: 76 | Z48: =IF(Y48="","",COUNTIFS($C$18:$C$2015,Y$13,$D$18:$D$2015,">="&Y48,$D$18:$D$2015,"<"&Y49)) | AB48: 43 | AC48: =IF(AB48="","",COUNTIFS($C$18:$C$2015,AB$13,$D$18:$D$2015,">="&AB48,$D$18:$D$2015,"<"&AB49))
G49: 44 | H49: =IF(G49="","",COUNTIFS($C$18:$C$2015,G$13,$D$18:$D$2015,">="&G49,$D$18:$D$2015,"<"&G50)) | K49: =IF(J49="","",COUNTIFS($C$18:$C$2015,J$13,$D$18:$D$2015,">="&J49,$D$18:$D$2015,"<"&J50)) | M49: 78 | N49: =IF(M49="","",COUNTIFS($C$18:$C$2015,M$13,$D$18:$D$2015,">="&M49,$D$18:$D$2015,"<"&M50)) | P49: 44 | Q49: =IF(P49="","",COUNTIFS($C$18:$C$2015,P$13,$D$18:$D$2015,">="&P49,$D$18:$D$2015,"<"&P50)) | S49: 78 | T49: =IF(S49="","",COUNTIFS($C$18:$C$2015,S$13,$D$18:$D$2015,">="&S49,$D$18:$D$2015,"<"&S50)) | V49: 78 | W49: =IF(V49="","",COUNTIFS($C$18:$C$2015,V$13,$D$18:$D$2015,">="&V49,$D$18:$D$2015,"<"&V50)) | Y49: 78 | Z49: =IF(Y49="","",COUNTIFS($C$18:$C$2015,Y$13,$D$18:$D$2015,">="&Y49,$D$18:$D$2015,"<"&Y50)) | AB49: 44 | AC49: =IF(AB49="","",COUNTIFS($C$18:$C$2015,AB$13,$D$18:$D$2015,">="&AB49,$D$18:$D$2015,"<"&AB50))
